"","cellID","cluster"
"1",1,27
"2",2,27
"3",3,22
"4",4,29
"5",5,9
"6",6,32
"7",7,18
"8",8,9
"9",9,9
"10",10,9
"11",11,30
"12",12,29
"13",13,29
"14",14,34
"15",15,18
"16",16,34
"17",17,9
"18",18,49
"19",19,8
"20",20,9
"21",21,9
"22",22,22
"23",23,17
"24",24,29
"25",25,18
"26",26,29
"27",27,22
"28",28,22
"29",29,22
"30",30,30
"31",31,9
"32",32,23
"33",33,28
"34",34,39
"35",35,29
"36",36,32
"37",37,22
"38",38,9
"39",39,25
"40",40,22
"41",41,22
"42",42,35
"43",43,29
"44",44,29
"45",45,33
"46",46,22
"47",47,22
"48",48,41
"49",49,29
"50",50,29
"51",51,9
"52",52,9
"53",53,29
"54",54,19
"55",55,37
"56",56,37
"57",57,1
"58",58,17
"59",59,37
"60",60,37
"61",61,9
"62",62,29
"63",63,29
"64",64,18
"65",65,22
"66",66,42
"67",67,32
"68",68,22
"69",69,18
"70",70,33
"71",71,22
"72",72,29
"73",73,29
"74",74,19
"75",75,27
"76",76,47
"77",77,41
"78",78,22
"79",79,29
"80",80,18
"81",81,18
"82",82,29
"83",83,29
"84",84,33
"85",85,33
"86",86,22
"87",87,33
"88",88,9
"89",89,19
"90",90,6
"91",91,39
"92",92,29
"93",93,29
"94",94,9
"95",95,17
"96",96,37
"97",97,29
"98",98,9
"99",99,9
"100",100,9
"101",101,9
"102",102,29
"103",103,37
"104",104,9
"105",105,33
"106",106,29
"107",107,17
"108",108,22
"109",109,33
"110",110,29
"111",111,22
"112",112,29
"113",113,18
"114",114,7
"115",115,29
"116",116,34
"117",117,29
"118",118,32
"119",119,29
"120",120,29
"121",121,9
"122",122,23
"123",123,29
"124",124,33
"125",125,33
"126",126,22
"127",127,22
"128",128,33
"129",129,29
"130",130,7
"131",131,17
"132",132,29
"133",133,9
"134",134,34
"135",135,8
"136",136,32
"137",137,19
"138",138,27
"139",139,32
"140",140,17
"141",141,17
"142",142,29
"143",143,29
"144",144,9
"145",145,9
"146",146,29
"147",147,33
"148",148,34
"149",149,9
"150",150,22
"151",151,9
"152",152,29
"153",153,29
"154",154,29
"155",155,32
"156",156,17
"157",157,32
"158",158,22
"159",159,8
"160",160,9
"161",161,18
"162",162,37
"163",163,36
"164",164,5
"165",165,9
"166",166,9
"167",167,26
"168",168,29
"169",169,9
"170",170,22
"171",171,34
"172",172,25
"173",173,22
"174",174,22
"175",175,33
"176",176,33
"177",177,9
"178",178,32
"179",179,17
"180",180,37
"181",181,9
"182",182,18
"183",183,9
"184",184,8
"185",185,7
"186",186,9
"187",187,7
"188",188,9
"189",189,29
"190",190,33
"191",191,13
"192",192,29
"193",193,9
"194",194,32
"195",195,9
"196",196,17
"197",197,29
"198",198,33
"199",199,32
"200",200,22
"201",201,29
"202",202,32
"203",203,9
"204",204,34
"205",205,22
"206",206,29
"207",207,9
"208",208,29
"209",209,18
"210",210,29
"211",211,29
"212",212,33
"213",213,30
"214",214,16
"215",215,30
"216",216,29
"217",217,33
"218",218,29
"219",219,9
"220",220,22
"221",221,13
"222",222,22
"223",223,22
"224",224,29
"225",225,9
"226",226,22
"227",227,32
"228",228,18
"229",229,9
"230",230,22
"231",231,33
"232",232,9
"233",233,29
"234",234,25
"235",235,1
"236",236,32
"237",237,33
"238",238,33
"239",239,29
"240",240,36
"241",241,32
"242",242,30
"243",243,27
"244",244,18
"245",245,33
"246",246,35
"247",247,29
"248",248,33
"249",249,34
"250",250,18
"251",251,17
"252",252,9
"253",253,22
"254",254,32
"255",255,8
"256",256,22
"257",257,33
"258",258,29
"259",259,33
"260",260,22
"261",261,29
"262",262,32
"263",263,32
"264",264,17
"265",265,29
"266",266,33
"267",267,32
"268",268,18
"269",269,30
"270",270,34
"271",271,18
"272",272,42
"273",273,29
"274",274,29
"275",275,32
"276",276,33
"277",277,29
"278",278,32
"279",279,29
"280",280,29
"281",281,29
"282",282,18
"283",283,18
"284",284,29
"285",285,9
"286",286,18
"287",287,1
"288",288,22
"289",289,16
"290",290,26
"291",291,29
"292",292,9
"293",293,29
"294",294,9
"295",295,22
"296",296,29
"297",297,9
"298",298,32
"299",299,22
"300",300,18
"301",301,33
"302",302,9
"303",303,9
"304",304,22
"305",305,29
"306",306,34
"307",307,33
"308",308,30
"309",309,16
"310",310,29
"311",311,33
"312",312,22
"313",313,29
"314",314,1
"315",315,33
"316",316,16
"317",317,34
"318",318,26
"319",319,17
"320",320,22
"321",321,22
"322",322,22
"323",323,11
"324",324,22
"325",325,17
"326",326,10
"327",327,9
"328",328,9
"329",329,36
"330",330,32
"331",331,29
"332",332,18
"333",333,29
"334",334,2
"335",335,37
"336",336,9
"337",337,34
"338",338,9
"339",339,29
"340",340,33
"341",341,19
"342",342,17
"343",343,27
"344",344,33
"345",345,42
"346",346,29
"347",347,22
"348",348,22
"349",349,9
"350",350,29
"351",351,9
"352",352,22
"353",353,33
"354",354,9
"355",355,8
"356",356,29
"357",357,9
"358",358,17
"359",359,17
"360",360,32
"361",361,18
"362",362,9
"363",363,17
"364",364,29
"365",365,29
"366",366,33
"367",367,19
"368",368,36
"369",369,22
"370",370,33
"371",371,32
"372",372,1
"373",373,42
"374",374,28
"375",375,39
"376",376,29
"377",377,17
"378",378,29
"379",379,25
"380",380,9
"381",381,29
"382",382,18
"383",383,11
"384",384,29
"385",385,9
"386",386,34
"387",387,29
"388",388,18
"389",389,22
"390",390,9
"391",391,9
"392",392,32
"393",393,26
"394",394,35
"395",395,9
"396",396,1
"397",397,33
"398",398,2
"399",399,29
"400",400,9
"401",401,12
"402",402,17
"403",403,19
"404",404,33
"405",405,27
"406",406,29
"407",407,29
"408",408,25
"409",409,29
"410",410,37
"411",411,18
"412",412,29
"413",413,33
"414",414,25
"415",415,2
"416",416,33
"417",417,39
"418",418,29
"419",419,33
"420",420,9
"421",421,28
"422",422,22
"423",423,9
"424",424,9
"425",425,29
"426",426,29
"427",427,9
"428",428,33
"429",429,9
"430",430,7
"431",431,29
"432",432,33
"433",433,22
"434",434,29
"435",435,9
"436",436,9
"437",437,29
"438",438,9
"439",439,35
"440",440,29
"441",441,29
"442",442,9
"443",443,22
"444",444,9
"445",445,47
"446",446,23
"447",447,29
"448",448,50
"449",449,29
"450",450,37
"451",451,29
"452",452,29
"453",453,24
"454",454,22
"455",455,33
"456",456,2
"457",457,9
"458",458,47
"459",459,29
"460",460,1
"461",461,22
"462",462,16
"463",463,29
"464",464,29
"465",465,29
"466",466,27
"467",467,11
"468",468,12
"469",469,42
"470",470,33
"471",471,49
"472",472,29
"473",473,18
"474",474,32
"475",475,9
"476",476,17
"477",477,33
"478",478,28
"479",479,49
"480",480,9
"481",481,32
"482",482,29
"483",483,18
"484",484,9
"485",485,9
"486",486,29
"487",487,29
"488",488,9
"489",489,27
"490",490,33
"491",491,29
"492",492,32
"493",493,32
"494",494,33
"495",495,42
"496",496,29
"497",497,29
"498",498,9
"499",499,50
"500",500,42
"501",501,29
"502",502,27
"503",503,22
"504",504,18
"505",505,26
"506",506,28
"507",507,33
"508",508,9
"509",509,18
"510",510,17
"511",511,32
"512",512,29
"513",513,9
"514",514,31
"515",515,32
"516",516,18
"517",517,39
"518",518,22
"519",519,29
"520",520,22
"521",521,1
"522",522,29
"523",523,50
"524",524,22
"525",525,19
"526",526,9
"527",527,11
"528",528,29
"529",529,22
"530",530,37
"531",531,37
"532",532,29
"533",533,49
"534",534,17
"535",535,17
"536",536,18
"537",537,28
"538",538,35
"539",539,32
"540",540,9
"541",541,33
"542",542,30
"543",543,18
"544",544,37
"545",545,29
"546",546,29
"547",547,9
"548",548,9
"549",549,22
"550",550,33
"551",551,34
"552",552,33
"553",553,9
"554",554,12
"555",555,22
"556",556,47
"557",557,9
"558",558,32
"559",559,30
"560",560,29
"561",561,32
"562",562,17
"563",563,37
"564",564,18
"565",565,33
"566",566,25
"567",567,37
"568",568,9
"569",569,9
"570",570,37
"571",571,18
"572",572,47
"573",573,9
"574",574,3
"575",575,29
"576",576,29
"577",577,22
"578",578,37
"579",579,29
"580",580,18
"581",581,8
"582",582,22
"583",583,33
"584",584,32
"585",585,8
"586",586,9
"587",587,29
"588",588,26
"589",589,22
"590",590,42
"591",591,29
"592",592,37
"593",593,29
"594",594,37
"595",595,9
"596",596,26
"597",597,33
"598",598,9
"599",599,19
"600",600,29
"601",601,17
"602",602,22
"603",603,33
"604",604,34
"605",605,32
"606",606,37
"607",607,22
"608",608,48
"609",609,9
"610",610,29
"611",611,29
"612",612,41
"613",613,18
"614",614,10
"615",615,29
"616",616,30
"617",617,17
"618",618,33
"619",619,18
"620",620,25
"621",621,32
"622",622,22
"623",623,9
"624",624,29
"625",625,29
"626",626,1
"627",627,29
"628",628,32
"629",629,29
"630",630,9
"631",631,33
"632",632,28
"633",633,9
"634",634,32
"635",635,13
"636",636,37
"637",637,25
"638",638,8
"639",639,1
"640",640,1
"641",641,29
"642",642,29
"643",643,29
"644",644,22
"645",645,22
"646",646,29
"647",647,29
"648",648,33
"649",649,18
"650",650,50
"651",651,22
"652",652,17
"653",653,9
"654",654,9
"655",655,17
"656",656,9
"657",657,9
"658",658,42
"659",659,50
"660",660,22
"661",661,9
"662",662,17
"663",663,38
"664",664,3
"665",665,19
"666",666,22
"667",667,9
"668",668,17
"669",669,22
"670",670,17
"671",671,10
"672",672,37
"673",673,22
"674",674,2
"675",675,34
"676",676,28
"677",677,13
"678",678,33
"679",679,13
"680",680,1
"681",681,18
"682",682,40
"683",683,33
"684",684,29
"685",685,37
"686",686,29
"687",687,33
"688",688,9
"689",689,32
"690",690,42
"691",691,17
"692",692,19
"693",693,32
"694",694,29
"695",695,19
"696",696,22
"697",697,9
"698",698,17
"699",699,18
"700",700,37
"701",701,41
"702",702,30
"703",703,29
"704",704,37
"705",705,13
"706",706,17
"707",707,29
"708",708,22
"709",709,22
"710",710,29
"711",711,29
"712",712,17
"713",713,12
"714",714,4
"715",715,9
"716",716,19
"717",717,42
"718",718,13
"719",719,9
"720",720,33
"721",721,9
"722",722,9
"723",723,29
"724",724,29
"725",725,9
"726",726,22
"727",727,22
"728",728,9
"729",729,35
"730",730,17
"731",731,17
"732",732,16
"733",733,29
"734",734,22
"735",735,9
"736",736,27
"737",737,33
"738",738,29
"739",739,33
"740",740,32
"741",741,32
"742",742,39
"743",743,9
"744",744,22
"745",745,22
"746",746,32
"747",747,33
"748",748,41
"749",749,9
"750",750,29
"751",751,25
"752",752,2
"753",753,17
"754",754,14
"755",755,33
"756",756,25
"757",757,29
"758",758,29
"759",759,4
"760",760,33
"761",761,32
"762",762,37
"763",763,34
"764",764,22
"765",765,9
"766",766,19
"767",767,33
"768",768,9
"769",769,22
"770",770,37
"771",771,9
"772",772,32
"773",773,9
"774",774,3
"775",775,11
"776",776,29
"777",777,22
"778",778,33
"779",779,30
"780",780,11
"781",781,13
"782",782,29
"783",783,29
"784",784,33
"785",785,37
"786",786,29
"787",787,29
"788",788,29
"789",789,19
"790",790,32
"791",791,22
"792",792,25
"793",793,29
"794",794,42
"795",795,13
"796",796,33
"797",797,12
"798",798,29
"799",799,42
"800",800,33
"801",801,22
"802",802,29
"803",803,29
"804",804,9
"805",805,33
"806",806,41
"807",807,22
"808",808,1
"809",809,9
"810",810,13
"811",811,22
"812",812,29
"813",813,32
"814",814,40
"815",815,22
"816",816,22
"817",817,22
"818",818,9
"819",819,9
"820",820,37
"821",821,13
"822",822,27
"823",823,33
"824",824,25
"825",825,19
"826",826,18
"827",827,29
"828",828,22
"829",829,37
"830",830,29
"831",831,29
"832",832,22
"833",833,33
"834",834,29
"835",835,33
"836",836,29
"837",837,9
"838",838,29
"839",839,29
"840",840,30
"841",841,29
"842",842,17
"843",843,9
"844",844,49
"845",845,49
"846",846,10
"847",847,13
"848",848,5
"849",849,33
"850",850,22
"851",851,29
"852",852,13
"853",853,10
"854",854,4
"855",855,18
"856",856,17
"857",857,17
"858",858,9
"859",859,17
"860",860,17
"861",861,32
"862",862,16
"863",863,26
"864",864,22
"865",865,25
"866",866,22
"867",867,25
"868",868,42
"869",869,9
"870",870,33
"871",871,32
"872",872,9
"873",873,29
"874",874,33
"875",875,22
"876",876,42
"877",877,34
"878",878,22
"879",879,33
"880",880,1
"881",881,29
"882",882,27
"883",883,10
"884",884,9
"885",885,9
"886",886,17
"887",887,37
"888",888,34
"889",889,49
"890",890,41
"891",891,12
"892",892,29
"893",893,50
"894",894,29
"895",895,34
"896",896,33
"897",897,22
"898",898,26
"899",899,29
"900",900,9
"901",901,17
"902",902,29
"903",903,9
"904",904,9
"905",905,33
"906",906,17
"907",907,29
"908",908,22
"909",909,33
"910",910,3
"911",911,16
"912",912,22
"913",913,18
"914",914,33
"915",915,29
"916",916,16
"917",917,25
"918",918,46
"919",919,18
"920",920,9
"921",921,37
"922",922,17
"923",923,29
"924",924,33
"925",925,29
"926",926,29
"927",927,9
"928",928,37
"929",929,29
"930",930,37
"931",931,49
"932",932,22
"933",933,33
"934",934,29
"935",935,29
"936",936,33
"937",937,18
"938",938,22
"939",939,42
"940",940,25
"941",941,3
"942",942,37
"943",943,9
"944",944,37
"945",945,9
"946",946,38
"947",947,32
"948",948,22
"949",949,17
"950",950,8
"951",951,9
"952",952,22
"953",953,12
"954",954,30
"955",955,34
"956",956,33
"957",957,17
"958",958,2
"959",959,11
"960",960,29
"961",961,32
"962",962,22
"963",963,9
"964",964,3
"965",965,9
"966",966,33
"967",967,33
"968",968,29
"969",969,29
"970",970,2
"971",971,25
"972",972,33
"973",973,34
"974",974,22
"975",975,9
"976",976,22
"977",977,32
"978",978,18
"979",979,9
"980",980,3
"981",981,42
"982",982,29
"983",983,37
"984",984,33
"985",985,9
"986",986,22
"987",987,29
"988",988,25
"989",989,29
"990",990,22
"991",991,19
"992",992,17
"993",993,9
"994",994,35
"995",995,37
"996",996,29
"997",997,49
"998",998,22
"999",999,29
"1000",1000,37
"1001",1001,29
"1002",1002,9
"1003",1003,33
"1004",1004,32
"1005",1005,18
"1006",1006,29
"1007",1007,3
"1008",1008,37
"1009",1009,22
"1010",1010,32
"1011",1011,32
"1012",1012,37
"1013",1013,22
"1014",1014,34
"1015",1015,33
"1016",1016,9
"1017",1017,8
"1018",1018,9
"1019",1019,42
"1020",1020,8
"1021",1021,29
"1022",1022,2
"1023",1023,37
"1024",1024,33
"1025",1025,42
"1026",1026,19
"1027",1027,37
"1028",1028,9
"1029",1029,29
"1030",1030,18
"1031",1031,22
"1032",1032,22
"1033",1033,8
"1034",1034,22
"1035",1035,3
"1036",1036,9
"1037",1037,25
"1038",1038,22
"1039",1039,32
"1040",1040,22
"1041",1041,42
"1042",1042,3
"1043",1043,17
"1044",1044,33
"1045",1045,9
"1046",1046,22
"1047",1047,32
"1048",1048,35
"1049",1049,11
"1050",1050,34
"1051",1051,10
"1052",1052,9
"1053",1053,17
"1054",1054,17
"1055",1055,25
"1056",1056,18
"1057",1057,29
"1058",1058,8
"1059",1059,9
"1060",1060,32
"1061",1061,22
"1062",1062,9
"1063",1063,34
"1064",1064,7
"1065",1065,17
"1066",1066,37
"1067",1067,29
"1068",1068,11
"1069",1069,25
"1070",1070,9
"1071",1071,22
"1072",1072,33
"1073",1073,30
"1074",1074,29
"1075",1075,17
"1076",1076,29
"1077",1077,9
"1078",1078,22
"1079",1079,29
"1080",1080,32
"1081",1081,33
"1082",1082,1
"1083",1083,35
"1084",1084,27
"1085",1085,9
"1086",1086,29
"1087",1087,42
"1088",1088,1
"1089",1089,22
"1090",1090,8
"1091",1091,17
"1092",1092,3
"1093",1093,9
"1094",1094,33
"1095",1095,22
"1096",1096,32
"1097",1097,22
"1098",1098,22
"1099",1099,17
"1100",1100,26
"1101",1101,13
"1102",1102,27
"1103",1103,4
"1104",1104,29
"1105",1105,12
"1106",1106,9
"1107",1107,22
"1108",1108,22
"1109",1109,41
"1110",1110,19
"1111",1111,34
"1112",1112,17
"1113",1113,32
"1114",1114,7
"1115",1115,1
"1116",1116,29
"1117",1117,33
"1118",1118,22
"1119",1119,9
"1120",1120,22
"1121",1121,9
"1122",1122,30
"1123",1123,32
"1124",1124,25
"1125",1125,25
"1126",1126,17
"1127",1127,17
"1128",1128,34
"1129",1129,22
"1130",1130,9
"1131",1131,29
"1132",1132,2
"1133",1133,26
"1134",1134,9
"1135",1135,8
"1136",1136,29
"1137",1137,32
"1138",1138,22
"1139",1139,18
"1140",1140,29
"1141",1141,22
"1142",1142,32
"1143",1143,9
"1144",1144,9
"1145",1145,25
"1146",1146,9
"1147",1147,25
"1148",1148,33
"1149",1149,32
"1150",1150,29
"1151",1151,29
"1152",1152,29
"1153",1153,9
"1154",1154,4
"1155",1155,29
"1156",1156,7
"1157",1157,9
"1158",1158,32
"1159",1159,16
"1160",1160,29
"1161",1161,17
"1162",1162,12
"1163",1163,17
"1164",1164,29
"1165",1165,9
"1166",1166,9
"1167",1167,22
"1168",1168,29
"1169",1169,42
"1170",1170,8
"1171",1171,6
"1172",1172,9
"1173",1173,9
"1174",1174,33
"1175",1175,29
"1176",1176,50
"1177",1177,9
"1178",1178,4
"1179",1179,29
"1180",1180,29
"1181",1181,37
"1182",1182,46
"1183",1183,9
"1184",1184,47
"1185",1185,34
"1186",1186,18
"1187",1187,17
"1188",1188,19
"1189",1189,9
"1190",1190,38
"1191",1191,8
"1192",1192,25
"1193",1193,29
"1194",1194,22
"1195",1195,37
"1196",1196,22
"1197",1197,33
"1198",1198,22
"1199",1199,29
"1200",1200,33
"1201",1201,37
"1202",1202,32
"1203",1203,33
"1204",1204,29
"1205",1205,33
"1206",1206,10
"1207",1207,29
"1208",1208,22
"1209",1209,22
"1210",1210,9
"1211",1211,29
"1212",1212,1
"1213",1213,17
"1214",1214,19
"1215",1215,42
"1216",1216,9
"1217",1217,22
"1218",1218,29
"1219",1219,17
"1220",1220,30
"1221",1221,32
"1222",1222,10
"1223",1223,35
"1224",1224,19
"1225",1225,29
"1226",1226,29
"1227",1227,16
"1228",1228,1
"1229",1229,29
"1230",1230,8
"1231",1231,33
"1232",1232,9
"1233",1233,42
"1234",1234,13
"1235",1235,29
"1236",1236,22
"1237",1237,28
"1238",1238,1
"1239",1239,43
"1240",1240,7
"1241",1241,18
"1242",1242,29
"1243",1243,9
"1244",1244,22
"1245",1245,34
"1246",1246,17
"1247",1247,10
"1248",1248,8
"1249",1249,9
"1250",1250,37
"1251",1251,22
"1252",1252,9
"1253",1253,10
"1254",1254,22
"1255",1255,37
"1256",1256,32
"1257",1257,6
"1258",1258,32
"1259",1259,33
"1260",1260,10
"1261",1261,10
"1262",1262,29
"1263",1263,22
"1264",1264,5
"1265",1265,11
"1266",1266,29
"1267",1267,29
"1268",1268,36
"1269",1269,16
"1270",1270,5
"1271",1271,34
"1272",1272,29
"1273",1273,17
"1274",1274,9
"1275",1275,17
"1276",1276,33
"1277",1277,29
"1278",1278,19
"1279",1279,16
"1280",1280,32
"1281",1281,22
"1282",1282,22
"1283",1283,19
"1284",1284,32
"1285",1285,22
"1286",1286,26
"1287",1287,22
"1288",1288,9
"1289",1289,22
"1290",1290,9
"1291",1291,9
"1292",1292,9
"1293",1293,9
"1294",1294,25
"1295",1295,25
"1296",1296,32
"1297",1297,22
"1298",1298,41
"1299",1299,18
"1300",1300,37
"1301",1301,42
"1302",1302,19
"1303",1303,17
"1304",1304,11
"1305",1305,22
"1306",1306,29
"1307",1307,29
"1308",1308,18
"1309",1309,9
"1310",1310,34
"1311",1311,29
"1312",1312,8
"1313",1313,13
"1314",1314,32
"1315",1315,29
"1316",1316,29
"1317",1317,32
"1318",1318,33
"1319",1319,29
"1320",1320,34
"1321",1321,34
"1322",1322,22
"1323",1323,1
"1324",1324,22
"1325",1325,9
"1326",1326,9
"1327",1327,32
"1328",1328,32
"1329",1329,6
"1330",1330,13
"1331",1331,17
"1332",1332,8
"1333",1333,9
"1334",1334,22
"1335",1335,33
"1336",1336,17
"1337",1337,17
"1338",1338,31
"1339",1339,22
"1340",1340,9
"1341",1341,29
"1342",1342,22
"1343",1343,9
"1344",1344,22
"1345",1345,29
"1346",1346,22
"1347",1347,22
"1348",1348,33
"1349",1349,42
"1350",1350,16
"1351",1351,10
"1352",1352,10
"1353",1353,9
"1354",1354,9
"1355",1355,9
"1356",1356,9
"1357",1357,36
"1358",1358,5
"1359",1359,18
"1360",1360,36
"1361",1361,9
"1362",1362,19
"1363",1363,16
"1364",1364,25
"1365",1365,29
"1366",1366,29
"1367",1367,32
"1368",1368,33
"1369",1369,33
"1370",1370,29
"1371",1371,42
"1372",1372,9
"1373",1373,9
"1374",1374,41
"1375",1375,29
"1376",1376,17
"1377",1377,9
"1378",1378,29
"1379",1379,37
"1380",1380,18
"1381",1381,29
"1382",1382,22
"1383",1383,9
"1384",1384,9
"1385",1385,9
"1386",1386,28
"1387",1387,9
"1388",1388,9
"1389",1389,32
"1390",1390,29
"1391",1391,29
"1392",1392,34
"1393",1393,29
"1394",1394,22
"1395",1395,6
"1396",1396,32
"1397",1397,29
"1398",1398,17
"1399",1399,33
"1400",1400,22
"1401",1401,25
"1402",1402,9
"1403",1403,41
"1404",1404,10
"1405",1405,16
"1406",1406,22
"1407",1407,22
"1408",1408,10
"1409",1409,34
"1410",1410,22
"1411",1411,42
"1412",1412,9
"1413",1413,22
"1414",1414,9
"1415",1415,33
"1416",1416,9
"1417",1417,22
"1418",1418,14
"1419",1419,37
"1420",1420,16
"1421",1421,9
"1422",1422,34
"1423",1423,46
"1424",1424,42
"1425",1425,50
"1426",1426,17
"1427",1427,13
"1428",1428,33
"1429",1429,22
"1430",1430,17
"1431",1431,22
"1432",1432,18
"1433",1433,18
"1434",1434,36
"1435",1435,33
"1436",1436,16
"1437",1437,29
"1438",1438,17
"1439",1439,37
"1440",1440,22
"1441",1441,16
"1442",1442,17
"1443",1443,29
"1444",1444,28
"1445",1445,9
"1446",1446,29
"1447",1447,50
"1448",1448,33
"1449",1449,36
"1450",1450,29
"1451",1451,18
"1452",1452,22
"1453",1453,28
"1454",1454,25
"1455",1455,25
"1456",1456,32
"1457",1457,9
"1458",1458,33
"1459",1459,32
"1460",1460,33
"1461",1461,30
"1462",1462,22
"1463",1463,29
"1464",1464,29
"1465",1465,29
"1466",1466,9
"1467",1467,35
"1468",1468,1
"1469",1469,25
"1470",1470,17
"1471",1471,22
"1472",1472,22
"1473",1473,32
"1474",1474,32
"1475",1475,29
"1476",1476,9
"1477",1477,34
"1478",1478,33
"1479",1479,42
"1480",1480,29
"1481",1481,29
"1482",1482,41
"1483",1483,22
"1484",1484,46
"1485",1485,1
"1486",1486,32
"1487",1487,32
"1488",1488,41
"1489",1489,22
"1490",1490,22
"1491",1491,32
"1492",1492,22
"1493",1493,37
"1494",1494,18
"1495",1495,34
"1496",1496,22
"1497",1497,29
"1498",1498,46
"1499",1499,32
"1500",1500,1
"1501",1501,37
"1502",1502,34
"1503",1503,33
"1504",1504,25
"1505",1505,30
"1506",1506,18
"1507",1507,18
"1508",1508,29
"1509",1509,19
"1510",1510,22
"1511",1511,9
"1512",1512,29
"1513",1513,28
"1514",1514,28
"1515",1515,34
"1516",1516,33
"1517",1517,11
"1518",1518,42
"1519",1519,38
"1520",1520,25
"1521",1521,34
"1522",1522,33
"1523",1523,18
"1524",1524,1
"1525",1525,22
"1526",1526,44
"1527",1527,42
"1528",1528,29
"1529",1529,10
"1530",1530,29
"1531",1531,5
"1532",1532,32
"1533",1533,22
"1534",1534,5
"1535",1535,32
"1536",1536,41
"1537",1537,13
"1538",1538,33
"1539",1539,33
"1540",1540,22
"1541",1541,10
"1542",1542,33
"1543",1543,33
"1544",1544,22
"1545",1545,9
"1546",1546,26
"1547",1547,9
"1548",1548,16
"1549",1549,37
"1550",1550,3
"1551",1551,29
"1552",1552,33
"1553",1553,46
"1554",1554,42
"1555",1555,17
"1556",1556,11
"1557",1557,22
"1558",1558,7
"1559",1559,29
"1560",1560,1
"1561",1561,29
"1562",1562,25
"1563",1563,22
"1564",1564,25
"1565",1565,33
"1566",1566,30
"1567",1567,16
"1568",1568,18
"1569",1569,37
"1570",1570,40
"1571",1571,22
"1572",1572,36
"1573",1573,29
"1574",1574,26
"1575",1575,34
"1576",1576,32
"1577",1577,17
"1578",1578,16
"1579",1579,33
"1580",1580,22
"1581",1581,17
"1582",1582,32
"1583",1583,9
"1584",1584,29
"1585",1585,29
"1586",1586,34
"1587",1587,22
"1588",1588,16
"1589",1589,18
"1590",1590,3
"1591",1591,26
"1592",1592,18
"1593",1593,34
"1594",1594,37
"1595",1595,42
"1596",1596,5
"1597",1597,47
"1598",1598,22
"1599",1599,9
"1600",1600,29
"1601",1601,34
"1602",1602,29
"1603",1603,17
"1604",1604,10
"1605",1605,33
"1606",1606,29
"1607",1607,1
"1608",1608,32
"1609",1609,33
"1610",1610,16
"1611",1611,16
"1612",1612,11
"1613",1613,9
"1614",1614,10
"1615",1615,2
"1616",1616,29
"1617",1617,32
"1618",1618,33
"1619",1619,22
"1620",1620,42
"1621",1621,13
"1622",1622,30
"1623",1623,16
"1624",1624,42
"1625",1625,22
"1626",1626,34
"1627",1627,29
"1628",1628,17
"1629",1629,39
"1630",1630,29
"1631",1631,29
"1632",1632,22
"1633",1633,36
"1634",1634,22
"1635",1635,35
"1636",1636,9
"1637",1637,29
"1638",1638,1
"1639",1639,9
"1640",1640,18
"1641",1641,10
"1642",1642,29
"1643",1643,41
"1644",1644,17
"1645",1645,29
"1646",1646,17
"1647",1647,1
"1648",1648,17
"1649",1649,9
"1650",1650,12
"1651",1651,33
"1652",1652,10
"1653",1653,22
"1654",1654,16
"1655",1655,28
"1656",1656,30
"1657",1657,22
"1658",1658,9
"1659",1659,18
"1660",1660,22
"1661",1661,22
"1662",1662,41
"1663",1663,16
"1664",1664,38
"1665",1665,30
"1666",1666,11
"1667",1667,33
"1668",1668,33
"1669",1669,22
"1670",1670,12
"1671",1671,17
"1672",1672,50
"1673",1673,18
"1674",1674,42
"1675",1675,29
"1676",1676,18
"1677",1677,22
"1678",1678,24
"1679",1679,16
"1680",1680,10
"1681",1681,42
"1682",1682,7
"1683",1683,25
"1684",1684,47
"1685",1685,16
"1686",1686,29
"1687",1687,9
"1688",1688,33
"1689",1689,35
"1690",1690,37
"1691",1691,29
"1692",1692,9
"1693",1693,17
"1694",1694,42
"1695",1695,4
"1696",1696,42
"1697",1697,22
"1698",1698,13
"1699",1699,38
"1700",1700,22
"1701",1701,29
"1702",1702,29
"1703",1703,22
"1704",1704,2
"1705",1705,42
"1706",1706,22
"1707",1707,47
"1708",1708,33
"1709",1709,22
"1710",1710,25
"1711",1711,42
"1712",1712,29
"1713",1713,7
"1714",1714,2
"1715",1715,34
"1716",1716,18
"1717",1717,17
"1718",1718,29
"1719",1719,22
"1720",1720,32
"1721",1721,25
"1722",1722,16
"1723",1723,29
"1724",1724,22
"1725",1725,42
"1726",1726,5
"1727",1727,24
"1728",1728,32
"1729",1729,25
"1730",1730,1
"1731",1731,18
"1732",1732,9
"1733",1733,33
"1734",1734,9
"1735",1735,33
"1736",1736,30
"1737",1737,4
"1738",1738,17
"1739",1739,33
"1740",1740,33
"1741",1741,41
"1742",1742,22
"1743",1743,33
"1744",1744,32
"1745",1745,33
"1746",1746,32
"1747",1747,9
"1748",1748,16
"1749",1749,29
"1750",1750,4
"1751",1751,29
"1752",1752,22
"1753",1753,37
"1754",1754,42
"1755",1755,7
"1756",1756,42
"1757",1757,37
"1758",1758,32
"1759",1759,33
"1760",1760,17
"1761",1761,22
"1762",1762,33
"1763",1763,33
"1764",1764,41
"1765",1765,22
"1766",1766,9
"1767",1767,33
"1768",1768,29
"1769",1769,37
"1770",1770,17
"1771",1771,42
"1772",1772,22
"1773",1773,22
"1774",1774,33
"1775",1775,34
"1776",1776,22
"1777",1777,42
"1778",1778,33
"1779",1779,16
"1780",1780,22
"1781",1781,50
"1782",1782,29
"1783",1783,33
"1784",1784,32
"1785",1785,32
"1786",1786,19
"1787",1787,29
"1788",1788,25
"1789",1789,7
"1790",1790,50
"1791",1791,9
"1792",1792,37
"1793",1793,42
"1794",1794,18
"1795",1795,33
"1796",1796,29
"1797",1797,26
"1798",1798,17
"1799",1799,16
"1800",1800,50
"1801",1801,35
"1802",1802,10
"1803",1803,16
"1804",1804,25
"1805",1805,25
"1806",1806,10
"1807",1807,18
"1808",1808,48
"1809",1809,32
"1810",1810,42
"1811",1811,29
"1812",1812,9
"1813",1813,41
"1814",1814,36
"1815",1815,33
"1816",1816,27
"1817",1817,17
"1818",1818,29
"1819",1819,18
"1820",1820,17
"1821",1821,18
"1822",1822,29
"1823",1823,16
"1824",1824,42
"1825",1825,29
"1826",1826,40
"1827",1827,37
"1828",1828,50
"1829",1829,8
"1830",1830,22
"1831",1831,7
"1832",1832,33
"1833",1833,33
"1834",1834,35
"1835",1835,17
"1836",1836,49
"1837",1837,33
"1838",1838,32
"1839",1839,9
"1840",1840,41
"1841",1841,30
"1842",1842,32
"1843",1843,32
"1844",1844,33
"1845",1845,33
"1846",1846,25
"1847",1847,17
"1848",1848,25
"1849",1849,33
"1850",1850,25
"1851",1851,22
"1852",1852,37
"1853",1853,10
"1854",1854,18
"1855",1855,29
"1856",1856,36
"1857",1857,34
"1858",1858,29
"1859",1859,16
"1860",1860,42
"1861",1861,29
"1862",1862,22
"1863",1863,33
"1864",1864,22
"1865",1865,16
"1866",1866,1
"1867",1867,18
"1868",1868,22
"1869",1869,37
"1870",1870,22
"1871",1871,16
"1872",1872,32
"1873",1873,33
"1874",1874,33
"1875",1875,22
"1876",1876,17
"1877",1877,10
"1878",1878,9
"1879",1879,33
"1880",1880,1
"1881",1881,25
"1882",1882,25
"1883",1883,29
"1884",1884,22
"1885",1885,9
"1886",1886,32
"1887",1887,37
"1888",1888,29
"1889",1889,22
"1890",1890,33
"1891",1891,29
"1892",1892,29
"1893",1893,29
"1894",1894,32
"1895",1895,34
"1896",1896,9
"1897",1897,7
"1898",1898,33
"1899",1899,37
"1900",1900,17
"1901",1901,22
"1902",1902,34
"1903",1903,41
"1904",1904,37
"1905",1905,8
"1906",1906,22
"1907",1907,9
"1908",1908,32
"1909",1909,8
"1910",1910,38
"1911",1911,34
"1912",1912,9
"1913",1913,30
"1914",1914,8
"1915",1915,18
"1916",1916,17
"1917",1917,29
"1918",1918,3
"1919",1919,9
"1920",1920,43
"1921",1921,9
"1922",1922,10
"1923",1923,22
"1924",1924,32
"1925",1925,8
"1926",1926,26
"1927",1927,32
"1928",1928,22
"1929",1929,29
"1930",1930,41
"1931",1931,32
"1932",1932,9
"1933",1933,37
"1934",1934,34
"1935",1935,22
"1936",1936,22
"1937",1937,37
"1938",1938,37
"1939",1939,18
"1940",1940,11
"1941",1941,29
"1942",1942,33
"1943",1943,9
"1944",1944,38
"1945",1945,29
"1946",1946,17
"1947",1947,37
"1948",1948,33
"1949",1949,33
"1950",1950,29
"1951",1951,29
"1952",1952,32
"1953",1953,9
"1954",1954,22
"1955",1955,16
"1956",1956,8
"1957",1957,22
"1958",1958,32
"1959",1959,32
"1960",1960,18
"1961",1961,33
"1962",1962,22
"1963",1963,38
"1964",1964,29
"1965",1965,25
"1966",1966,35
"1967",1967,36
"1968",1968,11
"1969",1969,38
"1970",1970,8
"1971",1971,34
"1972",1972,9
"1973",1973,33
"1974",1974,22
"1975",1975,22
"1976",1976,9
"1977",1977,17
"1978",1978,16
"1979",1979,38
"1980",1980,9
"1981",1981,34
"1982",1982,29
"1983",1983,9
"1984",1984,22
"1985",1985,32
"1986",1986,9
"1987",1987,10
"1988",1988,22
"1989",1989,29
"1990",1990,42
"1991",1991,25
"1992",1992,29
"1993",1993,9
"1994",1994,50
"1995",1995,27
"1996",1996,9
"1997",1997,29
"1998",1998,37
"1999",1999,10
"2000",2000,17
"2001",2001,42
"2002",2002,9
"2003",2003,9
"2004",2004,22
"2005",2005,29
"2006",2006,22
"2007",2007,35
"2008",2008,37
"2009",2009,25
"2010",2010,37
"2011",2011,38
"2012",2012,9
"2013",2013,25
"2014",2014,1
"2015",2015,35
"2016",2016,29
"2017",2017,25
"2018",2018,18
"2019",2019,33
"2020",2020,33
"2021",2021,22
"2022",2022,9
"2023",2023,2
"2024",2024,22
"2025",2025,33
"2026",2026,22
"2027",2027,17
"2028",2028,27
"2029",2029,33
"2030",2030,9
"2031",2031,35
"2032",2032,38
"2033",2033,32
"2034",2034,22
"2035",2035,9
"2036",2036,42
"2037",2037,25
"2038",2038,22
"2039",2039,9
"2040",2040,32
"2041",2041,37
"2042",2042,12
"2043",2043,28
"2044",2044,9
"2045",2045,30
"2046",2046,29
"2047",2047,32
"2048",2048,35
"2049",2049,32
"2050",2050,22
"2051",2051,22
"2052",2052,32
"2053",2053,33
"2054",2054,9
"2055",2055,22
"2056",2056,19
"2057",2057,33
"2058",2058,28
"2059",2059,17
"2060",2060,29
"2061",2061,9
"2062",2062,26
"2063",2063,9
"2064",2064,17
"2065",2065,32
"2066",2066,35
"2067",2067,35
"2068",2068,22
"2069",2069,25
"2070",2070,29
"2071",2071,16
"2072",2072,18
"2073",2073,9
"2074",2074,22
"2075",2075,18
"2076",2076,17
"2077",2077,25
"2078",2078,32
"2079",2079,32
"2080",2080,22
"2081",2081,33
"2082",2082,9
"2083",2083,29
"2084",2084,16
"2085",2085,33
"2086",2086,24
"2087",2087,2
"2088",2088,37
"2089",2089,32
"2090",2090,22
"2091",2091,33
"2092",2092,42
"2093",2093,12
"2094",2094,9
"2095",2095,33
"2096",2096,41
"2097",2097,10
"2098",2098,11
"2099",2099,50
"2100",2100,22
"2101",2101,33
"2102",2102,22
"2103",2103,29
"2104",2104,18
"2105",2105,22
"2106",2106,32
"2107",2107,29
"2108",2108,33
"2109",2109,32
"2110",2110,33
"2111",2111,12
"2112",2112,9
"2113",2113,22
"2114",2114,32
"2115",2115,22
"2116",2116,33
"2117",2117,32
"2118",2118,25
"2119",2119,32
"2120",2120,11
"2121",2121,11
"2122",2122,22
"2123",2123,29
"2124",2124,29
"2125",2125,22
"2126",2126,34
"2127",2127,25
"2128",2128,22
"2129",2129,9
"2130",2130,36
"2131",2131,35
"2132",2132,32
"2133",2133,22
"2134",2134,18
"2135",2135,18
"2136",2136,32
"2137",2137,22
"2138",2138,29
"2139",2139,35
"2140",2140,36
"2141",2141,39
"2142",2142,33
"2143",2143,37
"2144",2144,36
"2145",2145,9
"2146",2146,24
"2147",2147,25
"2148",2148,22
"2149",2149,38
"2150",2150,32
"2151",2151,29
"2152",2152,22
"2153",2153,29
"2154",2154,11
"2155",2155,26
"2156",2156,22
"2157",2157,11
"2158",2158,34
"2159",2159,17
"2160",2160,22
"2161",2161,33
"2162",2162,32
"2163",2163,29
"2164",2164,18
"2165",2165,35
"2166",2166,33
"2167",2167,22
"2168",2168,22
"2169",2169,32
"2170",2170,34
"2171",2171,9
"2172",2172,9
"2173",2173,29
"2174",2174,46
"2175",2175,38
"2176",2176,29
"2177",2177,33
"2178",2178,32
"2179",2179,13
"2180",2180,32
"2181",2181,9
"2182",2182,22
"2183",2183,7
"2184",2184,32
"2185",2185,34
"2186",2186,16
"2187",2187,29
"2188",2188,32
"2189",2189,33
"2190",2190,38
"2191",2191,33
"2192",2192,8
"2193",2193,13
"2194",2194,16
"2195",2195,43
"2196",2196,9
"2197",2197,18
"2198",2198,18
"2199",2199,3
"2200",2200,25
"2201",2201,25
"2202",2202,16
"2203",2203,32
"2204",2204,44
"2205",2205,29
"2206",2206,3
"2207",2207,33
"2208",2208,4
"2209",2209,29
"2210",2210,19
"2211",2211,9
"2212",2212,32
"2213",2213,46
"2214",2214,3
"2215",2215,22
"2216",2216,32
"2217",2217,18
"2218",2218,9
"2219",2219,33
"2220",2220,2
"2221",2221,2
"2222",2222,29
"2223",2223,32
"2224",2224,22
"2225",2225,22
"2226",2226,37
"2227",2227,28
"2228",2228,18
"2229",2229,43
"2230",2230,17
"2231",2231,33
"2232",2232,22
"2233",2233,22
"2234",2234,2
"2235",2235,2
"2236",2236,9
"2237",2237,2
"2238",2238,22
"2239",2239,29
"2240",2240,5
"2241",2241,29
"2242",2242,16
"2243",2243,27
"2244",2244,22
"2245",2245,22
"2246",2246,22
"2247",2247,9
"2248",2248,22
"2249",2249,25
"2250",2250,16
"2251",2251,30
"2252",2252,41
"2253",2253,29
"2254",2254,22
"2255",2255,42
"2256",2256,29
"2257",2257,37
"2258",2258,22
"2259",2259,22
"2260",2260,34
"2261",2261,39
"2262",2262,42
"2263",2263,29
"2264",2264,32
"2265",2265,18
"2266",2266,23
"2267",2267,47
"2268",2268,25
"2269",2269,2
"2270",2270,8
"2271",2271,9
"2272",2272,31
"2273",2273,27
"2274",2274,13
"2275",2275,12
"2276",2276,29
"2277",2277,33
"2278",2278,16
"2279",2279,3
"2280",2280,22
"2281",2281,3
"2282",2282,41
"2283",2283,34
"2284",2284,32
"2285",2285,1
"2286",2286,9
"2287",2287,22
"2288",2288,7
"2289",2289,16
"2290",2290,2
"2291",2291,9
"2292",2292,50
"2293",2293,11
"2294",2294,3
"2295",2295,37
"2296",2296,18
"2297",2297,3
"2298",2298,13
"2299",2299,26
"2300",2300,39
"2301",2301,32
"2302",2302,3
"2303",2303,26
"2304",2304,12
"2305",2305,19
"2306",2306,2
"2307",2307,25
"2308",2308,26
"2309",2309,41
"2310",2310,33
"2311",2311,21
"2312",2312,33
"2313",2313,22
"2314",2314,38
"2315",2315,14
"2316",2316,13
"2317",2317,6
"2318",2318,18
"2319",2319,22
"2320",2320,25
"2321",2321,9
"2322",2322,3
"2323",2323,22
"2324",2324,5
"2325",2325,25
"2326",2326,39
"2327",2327,25
"2328",2328,37
"2329",2329,3
"2330",2330,9
"2331",2331,7
"2332",2332,7
"2333",2333,9
"2334",2334,39
"2335",2335,22
"2336",2336,49
"2337",2337,46
"2338",2338,25
"2339",2339,3
"2340",2340,11
"2341",2341,22
"2342",2342,9
"2343",2343,25
"2344",2344,34
"2345",2345,22
"2346",2346,10
"2347",2347,12
"2348",2348,37
"2349",2349,22
"2350",2350,9
"2351",2351,22
"2352",2352,2
"2353",2353,17
"2354",2354,8
"2355",2355,41
"2356",2356,9
"2357",2357,11
"2358",2358,1
"2359",2359,25
"2360",2360,29
"2361",2361,29
"2362",2362,33
"2363",2363,9
"2364",2364,7
"2365",2365,33
"2366",2366,3
"2367",2367,13
"2368",2368,9
"2369",2369,35
"2370",2370,11
"2371",2371,9
"2372",2372,22
"2373",2373,46
"2374",2374,16
"2375",2375,13
"2376",2376,33
"2377",2377,3
"2378",2378,35
"2379",2379,29
"2380",2380,29
"2381",2381,22
"2382",2382,29
"2383",2383,37
"2384",2384,32
"2385",2385,37
"2386",2386,18
"2387",2387,18
"2388",2388,35
"2389",2389,33
"2390",2390,25
"2391",2391,17
"2392",2392,40
"2393",2393,25
"2394",2394,22
"2395",2395,22
"2396",2396,11
"2397",2397,29
"2398",2398,9
"2399",2399,9
"2400",2400,8
"2401",2401,17
"2402",2402,7
"2403",2403,9
"2404",2404,43
"2405",2405,9
"2406",2406,25
"2407",2407,46
"2408",2408,22
"2409",2409,13
"2410",2410,9
"2411",2411,30
"2412",2412,33
"2413",2413,35
"2414",2414,38
"2415",2415,3
"2416",2416,32
"2417",2417,28
"2418",2418,17
"2419",2419,19
"2420",2420,19
"2421",2421,35
"2422",2422,47
"2423",2423,34
"2424",2424,34
"2425",2425,13
"2426",2426,22
"2427",2427,16
"2428",2428,19
"2429",2429,8
"2430",2430,9
"2431",2431,4
"2432",2432,33
"2433",2433,3
"2434",2434,33
"2435",2435,34
"2436",2436,41
"2437",2437,22
"2438",2438,22
"2439",2439,25
"2440",2440,8
"2441",2441,22
"2442",2442,37
"2443",2443,9
"2444",2444,37
"2445",2445,9
"2446",2446,22
"2447",2447,38
"2448",2448,18
"2449",2449,17
"2450",2450,34
"2451",2451,9
"2452",2452,25
"2453",2453,9
"2454",2454,32
"2455",2455,1
"2456",2456,16
"2457",2457,1
"2458",2458,22
"2459",2459,37
"2460",2460,32
"2461",2461,29
"2462",2462,34
"2463",2463,7
"2464",2464,29
"2465",2465,37
"2466",2466,12
"2467",2467,38
"2468",2468,13
"2469",2469,22
"2470",2470,33
"2471",2471,29
"2472",2472,10
"2473",2473,22
"2474",2474,22
"2475",2475,8
"2476",2476,1
"2477",2477,26
"2478",2478,5
"2479",2479,13
"2480",2480,22
"2481",2481,29
"2482",2482,13
"2483",2483,4
"2484",2484,32
"2485",2485,5
"2486",2486,22
"2487",2487,33
"2488",2488,9
"2489",2489,37
"2490",2490,17
"2491",2491,7
"2492",2492,8
"2493",2493,9
"2494",2494,41
"2495",2495,33
"2496",2496,26
"2497",2497,46
"2498",2498,13
"2499",2499,29
"2500",2500,34
"2501",2501,37
"2502",2502,9
"2503",2503,9
"2504",2504,18
"2505",2505,9
"2506",2506,29
"2507",2507,22
"2508",2508,22
"2509",2509,5
"2510",2510,29
"2511",2511,18
"2512",2512,32
"2513",2513,34
"2514",2514,1
"2515",2515,22
"2516",2516,22
"2517",2517,9
"2518",2518,33
"2519",2519,32
"2520",2520,13
"2521",2521,13
"2522",2522,22
"2523",2523,33
"2524",2524,16
"2525",2525,33
"2526",2526,32
"2527",2527,18
"2528",2528,22
"2529",2529,38
"2530",2530,13
"2531",2531,38
"2532",2532,1
"2533",2533,18
"2534",2534,5
"2535",2535,14
"2536",2536,35
"2537",2537,37
"2538",2538,34
"2539",2539,9
"2540",2540,7
"2541",2541,29
"2542",2542,22
"2543",2543,9
"2544",2544,32
"2545",2545,37
"2546",2546,33
"2547",2547,22
"2548",2548,38
"2549",2549,50
"2550",2550,29
"2551",2551,13
"2552",2552,33
"2553",2553,32
"2554",2554,16
"2555",2555,18
"2556",2556,32
"2557",2557,46
"2558",2558,28
"2559",2559,17
"2560",2560,17
"2561",2561,23
"2562",2562,13
"2563",2563,16
"2564",2564,8
"2565",2565,22
"2566",2566,9
"2567",2567,22
"2568",2568,9
"2569",2569,22
"2570",2570,4
"2571",2571,11
"2572",2572,33
"2573",2573,9
"2574",2574,18
"2575",2575,19
"2576",2576,8
"2577",2577,41
"2578",2578,32
"2579",2579,18
"2580",2580,32
"2581",2581,30
"2582",2582,18
"2583",2583,33
"2584",2584,41
"2585",2585,29
"2586",2586,32
"2587",2587,34
"2588",2588,47
"2589",2589,33
"2590",2590,34
"2591",2591,28
"2592",2592,41
"2593",2593,18
"2594",2594,25
"2595",2595,29
"2596",2596,9
"2597",2597,28
"2598",2598,22
"2599",2599,29
"2600",2600,12
"2601",2601,8
"2602",2602,29
"2603",2603,33
"2604",2604,28
"2605",2605,28
"2606",2606,13
"2607",2607,8
"2608",2608,7
"2609",2609,38
"2610",2610,17
"2611",2611,17
"2612",2612,9
"2613",2613,20
"2614",2614,29
"2615",2615,19
"2616",2616,32
"2617",2617,9
"2618",2618,32
"2619",2619,9
"2620",2620,33
"2621",2621,22
"2622",2622,37
"2623",2623,9
"2624",2624,5
"2625",2625,9
"2626",2626,26
"2627",2627,29
"2628",2628,29
"2629",2629,29
"2630",2630,29
"2631",2631,33
"2632",2632,9
"2633",2633,16
"2634",2634,11
"2635",2635,32
"2636",2636,29
"2637",2637,33
"2638",2638,37
"2639",2639,28
"2640",2640,27
"2641",2641,18
"2642",2642,41
"2643",2643,43
"2644",2644,18
"2645",2645,17
"2646",2646,3
"2647",2647,3
"2648",2648,23
"2649",2649,27
"2650",2650,29
"2651",2651,37
"2652",2652,46
"2653",2653,37
"2654",2654,32
"2655",2655,50
"2656",2656,17
"2657",2657,45
"2658",2658,33
"2659",2659,33
"2660",2660,22
"2661",2661,29
"2662",2662,34
"2663",2663,27
"2664",2664,32
"2665",2665,26
"2666",2666,22
"2667",2667,33
"2668",2668,22
"2669",2669,42
"2670",2670,8
"2671",2671,41
"2672",2672,46
"2673",2673,18
"2674",2674,22
"2675",2675,31
"2676",2676,1
"2677",2677,6
"2678",2678,30
"2679",2679,9
"2680",2680,3
"2681",2681,29
"2682",2682,34
"2683",2683,22
"2684",2684,42
"2685",2685,29
"2686",2686,7
"2687",2687,1
"2688",2688,32
"2689",2689,22
"2690",2690,24
"2691",2691,23
"2692",2692,22
"2693",2693,1
"2694",2694,37
"2695",2695,34
"2696",2696,22
"2697",2697,22
"2698",2698,2
"2699",2699,37
"2700",2700,22
"2701",2701,9
"2702",2702,29
"2703",2703,22
"2704",2704,25
"2705",2705,25
"2706",2706,1
"2707",2707,9
"2708",2708,22
"2709",2709,33
"2710",2710,8
"2711",2711,9
"2712",2712,8
"2713",2713,18
"2714",2714,35
"2715",2715,22
"2716",2716,21
"2717",2717,46
"2718",2718,33
"2719",2719,32
"2720",2720,16
"2721",2721,14
"2722",2722,22
"2723",2723,9
"2724",2724,18
"2725",2725,22
"2726",2726,38
"2727",2727,37
"2728",2728,1
"2729",2729,3
"2730",2730,22
"2731",2731,33
"2732",2732,29
"2733",2733,22
"2734",2734,29
"2735",2735,16
"2736",2736,2
"2737",2737,8
"2738",2738,9
"2739",2739,17
"2740",2740,30
"2741",2741,9
"2742",2742,22
"2743",2743,17
"2744",2744,33
"2745",2745,22
"2746",2746,29
"2747",2747,35
"2748",2748,44
"2749",2749,29
"2750",2750,16
"2751",2751,33
"2752",2752,1
"2753",2753,33
"2754",2754,22
"2755",2755,32
"2756",2756,29
"2757",2757,22
"2758",2758,38
"2759",2759,42
"2760",2760,14
"2761",2761,8
"2762",2762,22
"2763",2763,36
"2764",2764,30
"2765",2765,16
"2766",2766,32
"2767",2767,34
"2768",2768,7
"2769",2769,39
"2770",2770,22
"2771",2771,34
"2772",2772,29
"2773",2773,17
"2774",2774,35
"2775",2775,35
"2776",2776,42
"2777",2777,29
"2778",2778,29
"2779",2779,29
"2780",2780,13
"2781",2781,22
"2782",2782,9
"2783",2783,16
"2784",2784,7
"2785",2785,36
"2786",2786,22
"2787",2787,25
"2788",2788,8
"2789",2789,32
"2790",2790,34
"2791",2791,33
"2792",2792,9
"2793",2793,19
"2794",2794,41
"2795",2795,19
"2796",2796,7
"2797",2797,2
"2798",2798,10
"2799",2799,9
"2800",2800,34
"2801",2801,41
"2802",2802,31
"2803",2803,29
"2804",2804,5
"2805",2805,9
"2806",2806,1
"2807",2807,50
"2808",2808,8
"2809",2809,27
"2810",2810,13
"2811",2811,13
"2812",2812,34
"2813",2813,17
"2814",2814,18
"2815",2815,34
"2816",2816,22
"2817",2817,29
"2818",2818,33
"2819",2819,28
"2820",2820,36
"2821",2821,36
"2822",2822,29
"2823",2823,18
"2824",2824,33
"2825",2825,22
"2826",2826,22
"2827",2827,32
"2828",2828,34
"2829",2829,2
"2830",2830,36
"2831",2831,34
"2832",2832,1
"2833",2833,19
"2834",2834,8
"2835",2835,9
"2836",2836,32
"2837",2837,9
"2838",2838,26
"2839",2839,9
"2840",2840,8
"2841",2841,32
"2842",2842,13
"2843",2843,13
"2844",2844,25
"2845",2845,34
"2846",2846,42
"2847",2847,30
"2848",2848,34
"2849",2849,50
"2850",2850,35
"2851",2851,5
"2852",2852,39
"2853",2853,27
"2854",2854,18
"2855",2855,32
"2856",2856,18
"2857",2857,36
"2858",2858,29
"2859",2859,31
"2860",2860,29
"2861",2861,2
"2862",2862,43
"2863",2863,3
"2864",2864,26
"2865",2865,1
"2866",2866,18
"2867",2867,30
"2868",2868,14
"2869",2869,33
"2870",2870,35
"2871",2871,39
"2872",2872,38
"2873",2873,12
"2874",2874,19
"2875",2875,28
"2876",2876,41
"2877",2877,28
"2878",2878,18
"2879",2879,7
"2880",2880,6
"2881",2881,28
"2882",2882,41
"2883",2883,18
"2884",2884,9
"2885",2885,33
"2886",2886,34
"2887",2887,41
"2888",2888,32
"2889",2889,19
"2890",2890,30
"2891",2891,9
"2892",2892,32
"2893",2893,29
"2894",2894,42
"2895",2895,33
"2896",2896,10
"2897",2897,9
"2898",2898,50
"2899",2899,49
"2900",2900,33
"2901",2901,30
"2902",2902,29
"2903",2903,33
"2904",2904,31
"2905",2905,32
"2906",2906,24
"2907",2907,31
"2908",2908,33
"2909",2909,25
"2910",2910,40
"2911",2911,13
"2912",2912,29
"2913",2913,18
"2914",2914,34
"2915",2915,32
"2916",2916,37
"2917",2917,33
"2918",2918,5
"2919",2919,29
"2920",2920,35
"2921",2921,11
"2922",2922,37
"2923",2923,8
"2924",2924,50
"2925",2925,25
"2926",2926,26
"2927",2927,3
"2928",2928,33
"2929",2929,35
"2930",2930,34
"2931",2931,17
"2932",2932,33
"2933",2933,35
"2934",2934,37
"2935",2935,29
"2936",2936,5
"2937",2937,46
"2938",2938,47
"2939",2939,22
"2940",2940,35
"2941",2941,18
"2942",2942,4
"2943",2943,38
"2944",2944,36
"2945",2945,25
"2946",2946,41
"2947",2947,50
"2948",2948,32
"2949",2949,29
"2950",2950,2
"2951",2951,32
"2952",2952,33
"2953",2953,2
"2954",2954,3
"2955",2955,4
"2956",2956,9
"2957",2957,34
"2958",2958,4
"2959",2959,33
"2960",2960,35
"2961",2961,35
"2962",2962,32
"2963",2963,1
"2964",2964,30
"2965",2965,14
"2966",2966,2
"2967",2967,15
"2968",2968,44
"2969",2969,31
"2970",2970,37
"2971",2971,28
"2972",2972,9
"2973",2973,9
"2974",2974,34
"2975",2975,41
"2976",2976,24
"2977",2977,22
"2978",2978,17
"2979",2979,16
"2980",2980,24
"2981",2981,22
"2982",2982,12
"2983",2983,9
"2984",2984,19
"2985",2985,42
"2986",2986,35
"2987",2987,33
"2988",2988,37
"2989",2989,14
"2990",2990,11
"2991",2991,42
"2992",2992,38
"2993",2993,17
"2994",2994,9
"2995",2995,33
"2996",2996,26
"2997",2997,29
"2998",2998,40
"2999",2999,19
"3000",3000,7
"3001",3001,6
"3002",3002,34
"3003",3003,22
"3004",3004,22
"3005",3005,29
"3006",3006,22
"3007",3007,34
"3008",3008,22
"3009",3009,3
"3010",3010,31
"3011",3011,1
"3012",3012,32
"3013",3013,9
"3014",3014,16
"3015",3015,3
"3016",3016,35
"3017",3017,35
"3018",3018,5
"3019",3019,30
"3020",3020,16
"3021",3021,6
"3022",3022,22
"3023",3023,7
"3024",3024,7
"3025",3025,22
"3026",3026,31
"3027",3027,32
"3028",3028,30
"3029",3029,22
"3030",3030,42
"3031",3031,3
"3032",3032,4
"3033",3033,22
"3034",3034,22
"3035",3035,22
"3036",3036,50
"3037",3037,6
"3038",3038,9
"3039",3039,26
"3040",3040,33
"3041",3041,6
"3042",3042,30
"3043",3043,22
"3044",3044,31
"3045",3045,16
"3046",3046,22
"3047",3047,46
"3048",3048,9
"3049",3049,29
"3050",3050,5
"3051",3051,3
"3052",3052,28
"3053",3053,28
"3054",3054,29
"3055",3055,29
"3056",3056,9
"3057",3057,31
"3058",3058,5
"3059",3059,29
"3060",3060,33
"3061",3061,13
"3062",3062,2
"3063",3063,32
"3064",3064,32
"3065",3065,32
"3066",3066,7
"3067",3067,22
"3068",3068,8
"3069",3069,9
"3070",3070,37
"3071",3071,9
"3072",3072,19
"3073",3073,15
"3074",3074,37
"3075",3075,33
"3076",3076,22
"3077",3077,31
"3078",3078,9
"3079",3079,30
"3080",3080,9
"3081",3081,22
"3082",3082,9
"3083",3083,38
"3084",3084,22
"3085",3085,9
"3086",3086,22
"3087",3087,9
"3088",3088,47
"3089",3089,25
"3090",3090,3
"3091",3091,3
"3092",3092,5
"3093",3093,22
"3094",3094,28
"3095",3095,32
"3096",3096,22
"3097",3097,22
"3098",3098,33
"3099",3099,34
"3100",3100,47
"3101",3101,8
"3102",3102,37
"3103",3103,16
"3104",3104,9
"3105",3105,28
"3106",3106,41
"3107",3107,35
"3108",3108,22
"3109",3109,1
"3110",3110,38
"3111",3111,37
"3112",3112,6
"3113",3113,42
"3114",3114,17
"3115",3115,35
"3116",3116,19
"3117",3117,8
"3118",3118,46
"3119",3119,34
"3120",3120,9
"3121",3121,4
"3122",3122,22
"3123",3123,33
"3124",3124,32
"3125",3125,8
"3126",3126,22
"3127",3127,22
"3128",3128,6
"3129",3129,33
"3130",3130,30
"3131",3131,19
"3132",3132,36
"3133",3133,31
"3134",3134,28
"3135",3135,37
"3136",3136,22
"3137",3137,22
"3138",3138,42
"3139",3139,38
"3140",3140,38
"3141",3141,9
"3142",3142,35
"3143",3143,22
"3144",3144,5
"3145",3145,22
"3146",3146,19
"3147",3147,33
"3148",3148,22
"3149",3149,22
"3150",3150,49
"3151",3151,35
"3152",3152,46
"3153",3153,25
"3154",3154,22
"3155",3155,9
"3156",3156,18
"3157",3157,33
"3158",3158,29
"3159",3159,22
"3160",3160,7
"3161",3161,33
"3162",3162,34
"3163",3163,34
"3164",3164,9
"3165",3165,9
"3166",3166,6
"3167",3167,12
"3168",3168,13
"3169",3169,9
"3170",3170,9
"3171",3171,34
"3172",3172,28
"3173",3173,5
"3174",3174,7
"3175",3175,34
"3176",3176,32
"3177",3177,8
"3178",3178,9
"3179",3179,23
"3180",3180,8
"3181",3181,6
"3182",3182,3
"3183",3183,33
"3184",3184,32
"3185",3185,25
"3186",3186,7
"3187",3187,22
"3188",3188,9
"3189",3189,9
"3190",3190,34
"3191",3191,35
"3192",3192,43
"3193",3193,29
"3194",3194,5
"3195",3195,8
"3196",3196,38
"3197",3197,22
"3198",3198,32
"3199",3199,22
"3200",3200,37
"3201",3201,8
"3202",3202,32
"3203",3203,29
"3204",3204,32
"3205",3205,12
"3206",3206,33
"3207",3207,32
"3208",3208,19
"3209",3209,11
"3210",3210,33
"3211",3211,22
"3212",3212,5
"3213",3213,7
"3214",3214,33
"3215",3215,32
"3216",3216,8
"3217",3217,22
"3218",3218,31
"3219",3219,22
"3220",3220,7
"3221",3221,22
"3222",3222,33
"3223",3223,22
"3224",3224,18
"3225",3225,9
"3226",3226,22
"3227",3227,22
"3228",3228,33
"3229",3229,5
"3230",3230,22
"3231",3231,7
"3232",3232,27
"3233",3233,33
"3234",3234,42
"3235",3235,6
"3236",3236,26
"3237",3237,22
"3238",3238,7
"3239",3239,7
"3240",3240,22
"3241",3241,33
"3242",3242,9
"3243",3243,33
"3244",3244,27
"3245",3245,49
"3246",3246,34
"3247",3247,28
"3248",3248,25
"3249",3249,33
"3250",3250,41
"3251",3251,28
"3252",3252,29
"3253",3253,29
"3254",3254,8
"3255",3255,22
"3256",3256,33
"3257",3257,7
"3258",3258,35
"3259",3259,35
"3260",3260,32
"3261",3261,9
"3262",3262,22
"3263",3263,32
"3264",3264,15
"3265",3265,37
"3266",3266,32
"3267",3267,38
"3268",3268,37
"3269",3269,33
"3270",3270,35
"3271",3271,37
"3272",3272,27
"3273",3273,7
"3274",3274,32
"3275",3275,34
"3276",3276,22
"3277",3277,6
"3278",3278,17
"3279",3279,33
"3280",3280,18
"3281",3281,5
"3282",3282,8
"3283",3283,32
"3284",3284,9
"3285",3285,49
"3286",3286,44
"3287",3287,9
"3288",3288,34
"3289",3289,41
"3290",3290,17
"3291",3291,9
"3292",3292,8
"3293",3293,35
"3294",3294,38
"3295",3295,43
"3296",3296,9
"3297",3297,22
"3298",3298,19
"3299",3299,9
"3300",3300,8
"3301",3301,29
"3302",3302,38
"3303",3303,32
"3304",3304,8
"3305",3305,50
"3306",3306,42
"3307",3307,8
"3308",3308,35
"3309",3309,21
"3310",3310,35
"3311",3311,34
"3312",3312,34
"3313",3313,49
"3314",3314,8
"3315",3315,18
"3316",3316,35
"3317",3317,34
"3318",3318,34
"3319",3319,18
"3320",3320,22
"3321",3321,27
"3322",3322,22
"3323",3323,35
"3324",3324,22
"3325",3325,47
"3326",3326,5
"3327",3327,9
"3328",3328,32
"3329",3329,29
"3330",3330,28
"3331",3331,34
"3332",3332,46
"3333",3333,13
"3334",3334,23
"3335",3335,41
"3336",3336,42
"3337",3337,42
"3338",3338,34
"3339",3339,29
"3340",3340,22
"3341",3341,42
"3342",3342,9
"3343",3343,38
"3344",3344,33
"3345",3345,22
"3346",3346,29
"3347",3347,29
"3348",3348,34
"3349",3349,42
"3350",3350,37
"3351",3351,9
"3352",3352,35
"3353",3353,22
"3354",3354,27
"3355",3355,44
"3356",3356,28
"3357",3357,33
"3358",3358,13
"3359",3359,38
"3360",3360,41
"3361",3361,33
"3362",3362,43
"3363",3363,22
"3364",3364,45
"3365",3365,29
"3366",3366,22
"3367",3367,29
"3368",3368,9
"3369",3369,29
"3370",3370,9
"3371",3371,22
"3372",3372,34
"3373",3373,7
"3374",3374,47
"3375",3375,32
"3376",3376,19
"3377",3377,13
"3378",3378,22
"3379",3379,2
"3380",3380,35
"3381",3381,32
"3382",3382,7
"3383",3383,4
"3384",3384,8
"3385",3385,18
"3386",3386,32
"3387",3387,28
"3388",3388,48
"3389",3389,47
"3390",3390,37
"3391",3391,32
"3392",3392,8
"3393",3393,48
"3394",3394,38
"3395",3395,24
"3396",3396,33
"3397",3397,29
"3398",3398,46
"3399",3399,35
"3400",3400,33
"3401",3401,8
"3402",3402,31
"3403",3403,22
"3404",3404,9
"3405",3405,32
"3406",3406,40
"3407",3407,8
"3408",3408,32
"3409",3409,9
"3410",3410,9
"3411",3411,33
"3412",3412,3
"3413",3413,14
"3414",3414,41
"3415",3415,35
"3416",3416,34
"3417",3417,28
"3418",3418,42
"3419",3419,29
"3420",3420,9
"3421",3421,41
"3422",3422,49
"3423",3423,32
"3424",3424,7
"3425",3425,15
"3426",3426,29
"3427",3427,22
"3428",3428,41
"3429",3429,38
"3430",3430,37
"3431",3431,9
"3432",3432,3
"3433",3433,27
"3434",3434,10
"3435",3435,37
"3436",3436,9
"3437",3437,30
"3438",3438,46
"3439",3439,34
"3440",3440,22
"3441",3441,9
"3442",3442,35
"3443",3443,31
"3444",3444,32
"3445",3445,34
"3446",3446,28
"3447",3447,32
"3448",3448,22
"3449",3449,29
"3450",3450,12
"3451",3451,44
"3452",3452,4
"3453",3453,9
"3454",3454,9
"3455",3455,48
"3456",3456,41
"3457",3457,47
"3458",3458,40
"3459",3459,38
"3460",3460,3
"3461",3461,9
"3462",3462,47
"3463",3463,37
"3464",3464,27
"3465",3465,47
"3466",3466,34
"3467",3467,1
"3468",3468,33
"3469",3469,37
"3470",3470,31
"3471",3471,22
"3472",3472,39
"3473",3473,1
"3474",3474,46
"3475",3475,32
"3476",3476,9
"3477",3477,50
"3478",3478,36
"3479",3479,43
"3480",3480,22
"3481",3481,9
"3482",3482,22
"3483",3483,43
"3484",3484,28
"3485",3485,9
"3486",3486,27
"3487",3487,9
"3488",3488,28
"3489",3489,27
"3490",3490,24
"3491",3491,22
"3492",3492,7
"3493",3493,3
"3494",3494,30
"3495",3495,34
"3496",3496,28
"3497",3497,13
"3498",3498,33
"3499",3499,32
"3500",3500,34
"3501",3501,31
"3502",3502,33
"3503",3503,36
"3504",3504,41
"3505",3505,9
"3506",3506,34
"3507",3507,9
"3508",3508,37
"3509",3509,32
"3510",3510,33
"3511",3511,34
"3512",3512,37
"3513",3513,9
"3514",3514,22
"3515",3515,50
"3516",3516,35
"3517",3517,32
"3518",3518,35
"3519",3519,9
"3520",3520,29
"3521",3521,9
"3522",3522,32
"3523",3523,37
"3524",3524,32
"3525",3525,6
"3526",3526,8
"3527",3527,9
"3528",3528,8
"3529",3529,27
"3530",3530,44
"3531",3531,22
"3532",3532,22
"3533",3533,29
"3534",3534,33
"3535",3535,46
"3536",3536,50
"3537",3537,50
"3538",3538,22
"3539",3539,40
"3540",3540,5
"3541",3541,29
"3542",3542,8
"3543",3543,38
"3544",3544,27
"3545",3545,38
"3546",3546,35
"3547",3547,28
"3548",3548,33
"3549",3549,27
"3550",3550,22
"3551",3551,41
"3552",3552,36
"3553",3553,26
"3554",3554,26
"3555",3555,35
"3556",3556,9
"3557",3557,31
"3558",3558,34
"3559",3559,9
"3560",3560,43
"3561",3561,37
"3562",3562,33
"3563",3563,17
"3564",3564,9
"3565",3565,34
"3566",3566,21
"3567",3567,9
"3568",3568,28
"3569",3569,32
"3570",3570,22
"3571",3571,22
"3572",3572,34
"3573",3573,34
"3574",3574,7
"3575",3575,33
"3576",3576,9
"3577",3577,49
"3578",3578,44
"3579",3579,17
"3580",3580,33
"3581",3581,35
"3582",3582,35
"3583",3583,38
"3584",3584,9
"3585",3585,37
"3586",3586,9
"3587",3587,25
"3588",3588,9
"3589",3589,33
"3590",3590,22
"3591",3591,5
"3592",3592,38
"3593",3593,22
"3594",3594,14
"3595",3595,9
"3596",3596,45
"3597",3597,22
"3598",3598,35
"3599",3599,28
"3600",3600,35
"3601",3601,10
"3602",3602,43
"3603",3603,42
"3604",3604,22
"3605",3605,38
"3606",3606,46
"3607",3607,29
"3608",3608,30
"3609",3609,33
"3610",3610,37
"3611",3611,41
"3612",3612,26
"3613",3613,30
"3614",3614,28
"3615",3615,41
"3616",3616,48
"3617",3617,35
"3618",3618,33
"3619",3619,33
"3620",3620,42
"3621",3621,35
"3622",3622,35
"3623",3623,33
"3624",3624,41
"3625",3625,50
"3626",3626,17
"3627",3627,29
"3628",3628,29
"3629",3629,29
"3630",3630,32
"3631",3631,8
"3632",3632,8
"3633",3633,29
"3634",3634,22
"3635",3635,41
"3636",3636,9
"3637",3637,34
"3638",3638,41
"3639",3639,34
"3640",3640,2
"3641",3641,7
"3642",3642,7
"3643",3643,9
"3644",3644,1
"3645",3645,40
"3646",3646,29
"3647",3647,22
"3648",3648,22
"3649",3649,38
"3650",3650,22
"3651",3651,33
"3652",3652,3
"3653",3653,30
"3654",3654,32
"3655",3655,39
"3656",3656,9
"3657",3657,30
"3658",3658,29
"3659",3659,27
"3660",3660,34
"3661",3661,43
"3662",3662,33
"3663",3663,32
"3664",3664,32
"3665",3665,26
"3666",3666,18
"3667",3667,30
"3668",3668,22
"3669",3669,17
"3670",3670,8
"3671",3671,28
"3672",3672,30
"3673",3673,38
"3674",3674,37
"3675",3675,34
"3676",3676,24
"3677",3677,42
"3678",3678,33
"3679",3679,39
"3680",3680,19
"3681",3681,22
"3682",3682,35
"3683",3683,36
"3684",3684,35
"3685",3685,33
"3686",3686,13
"3687",3687,22
"3688",3688,9
"3689",3689,34
"3690",3690,3
"3691",3691,32
"3692",3692,14
"3693",3693,35
"3694",3694,30
"3695",3695,22
"3696",3696,40
"3697",3697,37
"3698",3698,27
"3699",3699,32
"3700",3700,33
"3701",3701,25
"3702",3702,28
"3703",3703,29
"3704",3704,38
"3705",3705,34
"3706",3706,44
"3707",3707,38
"3708",3708,29
"3709",3709,28
"3710",3710,35
"3711",3711,28
"3712",3712,33
"3713",3713,33
"3714",3714,36
"3715",3715,26
"3716",3716,29
"3717",3717,33
"3718",3718,32
"3719",3719,33
"3720",3720,20
"3721",3721,33
"3722",3722,9
"3723",3723,35
"3724",3724,29
"3725",3725,37
"3726",3726,39
"3727",3727,43
"3728",3728,41
"3729",3729,9
"3730",3730,18
"3731",3731,9
"3732",3732,34
"3733",3733,33
"3734",3734,44
"3735",3735,9
"3736",3736,8
"3737",3737,27
"3738",3738,6
"3739",3739,29
"3740",3740,44
"3741",3741,22
"3742",3742,33
"3743",3743,29
"3744",3744,29
"3745",3745,29
"3746",3746,27
"3747",3747,35
"3748",3748,28
"3749",3749,29
"3750",3750,35
"3751",3751,28
"3752",3752,27
"3753",3753,17
"3754",3754,22
"3755",3755,33
"3756",3756,2
"3757",3757,22
"3758",3758,38
"3759",3759,47
"3760",3760,44
"3761",3761,42
"3762",3762,9
"3763",3763,35
"3764",3764,31
"3765",3765,35
"3766",3766,9
"3767",3767,29
"3768",3768,42
"3769",3769,22
"3770",3770,35
"3771",3771,9
"3772",3772,39
"3773",3773,34
"3774",3774,25
"3775",3775,27
"3776",3776,28
"3777",3777,22
"3778",3778,22
"3779",3779,23
"3780",3780,37
"3781",3781,22
"3782",3782,16
"3783",3783,34
"3784",3784,28
"3785",3785,50
"3786",3786,42
"3787",3787,24
"3788",3788,27
"3789",3789,28
"3790",3790,7
"3791",3791,9
"3792",3792,22
"3793",3793,22
"3794",3794,8
"3795",3795,9
"3796",3796,28
"3797",3797,27
"3798",3798,37
"3799",3799,29
"3800",3800,9
"3801",3801,32
"3802",3802,6
"3803",3803,9
"3804",3804,35
"3805",3805,28
"3806",3806,27
"3807",3807,23
"3808",3808,41
"3809",3809,24
"3810",3810,47
"3811",3811,50
"3812",3812,3
"3813",3813,8
"3814",3814,46
"3815",3815,30
"3816",3816,22
"3817",3817,29
"3818",3818,32
"3819",3819,32
"3820",3820,35
"3821",3821,8
"3822",3822,30
"3823",3823,29
"3824",3824,22
"3825",3825,35
"3826",3826,49
"3827",3827,46
"3828",3828,3
"3829",3829,44
"3830",3830,35
"3831",3831,31
"3832",3832,22
"3833",3833,9
"3834",3834,38
"3835",3835,40
"3836",3836,26
"3837",3837,31
"3838",3838,9
"3839",3839,9
"3840",3840,29
"3841",3841,42
"3842",3842,35
"3843",3843,38
"3844",3844,17
"3845",3845,26
"3846",3846,22
"3847",3847,50
"3848",3848,9
"3849",3849,37
"3850",3850,38
"3851",3851,7
"3852",3852,22
"3853",3853,40
"3854",3854,41
"3855",3855,41
"3856",3856,34
"3857",3857,34
"3858",3858,35
"3859",3859,8
"3860",3860,41
"3861",3861,9
"3862",3862,29
"3863",3863,9
"3864",3864,42
"3865",3865,22
"3866",3866,26
"3867",3867,22
"3868",3868,34
"3869",3869,37
"3870",3870,37
"3871",3871,9
"3872",3872,22
"3873",3873,22
"3874",3874,33
"3875",3875,27
"3876",3876,7
"3877",3877,37
"3878",3878,17
"3879",3879,46
"3880",3880,9
"3881",3881,33
"3882",3882,8
"3883",3883,37
"3884",3884,9
"3885",3885,22
"3886",3886,42
"3887",3887,33
"3888",3888,17
"3889",3889,28
"3890",3890,33
"3891",3891,28
"3892",3892,33
"3893",3893,43
"3894",3894,35
"3895",3895,50
"3896",3896,26
"3897",3897,35
"3898",3898,38
"3899",3899,8
"3900",3900,30
"3901",3901,32
"3902",3902,13
"3903",3903,9
"3904",3904,33
"3905",3905,9
"3906",3906,9
"3907",3907,32
"3908",3908,7
"3909",3909,23
"3910",3910,25
"3911",3911,29
"3912",3912,28
"3913",3913,7
"3914",3914,33
"3915",3915,20
"3916",3916,35
"3917",3917,1
"3918",3918,32
"3919",3919,34
"3920",3920,22
"3921",3921,35
"3922",3922,42
"3923",3923,35
"3924",3924,34
"3925",3925,22
"3926",3926,44
"3927",3927,33
"3928",3928,33
"3929",3929,39
"3930",3930,34
"3931",3931,33
"3932",3932,33
"3933",3933,42
"3934",3934,30
"3935",3935,48
"3936",3936,34
"3937",3937,22
"3938",3938,22
"3939",3939,28
"3940",3940,9
"3941",3941,43
"3942",3942,8
"3943",3943,32
"3944",3944,8
"3945",3945,22
"3946",3946,29
"3947",3947,50
"3948",3948,33
"3949",3949,22
"3950",3950,40
"3951",3951,22
"3952",3952,9
"3953",3953,47
"3954",3954,38
"3955",3955,29
"3956",3956,32
"3957",3957,7
"3958",3958,33
"3959",3959,36
"3960",3960,30
"3961",3961,37
"3962",3962,27
"3963",3963,8
"3964",3964,9
"3965",3965,27
"3966",3966,27
"3967",3967,9
"3968",3968,8
"3969",3969,18
"3970",3970,32
"3971",3971,34
"3972",3972,50
"3973",3973,33
"3974",3974,30
"3975",3975,29
"3976",3976,47
"3977",3977,33
"3978",3978,22
"3979",3979,22
"3980",3980,22
"3981",3981,35
"3982",3982,36
"3983",3983,34
"3984",3984,32
"3985",3985,9
"3986",3986,8
"3987",3987,35
"3988",3988,32
"3989",3989,35
"3990",3990,9
"3991",3991,9
"3992",3992,28
"3993",3993,33
"3994",3994,27
"3995",3995,27
"3996",3996,26
"3997",3997,22
"3998",3998,8
"3999",3999,22
"4000",4000,38
"4001",4001,38
"4002",4002,48
"4003",4003,38
"4004",4004,8
"4005",4005,22
"4006",4006,16
"4007",4007,9
"4008",4008,35
"4009",4009,2
"4010",4010,22
"4011",4011,22
"4012",4012,27
"4013",4013,33
"4014",4014,32
"4015",4015,9
"4016",4016,9
"4017",4017,7
"4018",4018,29
"4019",4019,37
"4020",4020,9
"4021",4021,43
"4022",4022,33
"4023",4023,47
"4024",4024,37
"4025",4025,43
"4026",4026,32
"4027",4027,41
"4028",4028,8
"4029",4029,29
"4030",4030,7
"4031",4031,41
"4032",4032,50
"4033",4033,27
"4034",4034,3
"4035",4035,28
"4036",4036,8
"4037",4037,35
"4038",4038,8
"4039",4039,31
"4040",4040,33
"4041",4041,42
"4042",4042,32
"4043",4043,33
"4044",4044,35
"4045",4045,34
"4046",4046,37
"4047",4047,38
"4048",4048,30
"4049",4049,37
"4050",4050,29
"4051",4051,22
"4052",4052,37
"4053",4053,22
"4054",4054,41
"4055",4055,31
"4056",4056,37
"4057",4057,3
"4058",4058,43
"4059",4059,34
"4060",4060,9
"4061",4061,34
"4062",4062,43
"4063",4063,34
"4064",4064,22
"4065",4065,2
"4066",4066,36
"4067",4067,42
"4068",4068,33
"4069",4069,29
"4070",4070,27
"4071",4071,29
"4072",4072,1
"4073",4073,26
"4074",4074,32
"4075",4075,8
"4076",4076,24
"4077",4077,22
"4078",4078,49
"4079",4079,9
"4080",4080,32
"4081",4081,35
"4082",4082,33
"4083",4083,42
"4084",4084,22
"4085",4085,32
"4086",4086,22
"4087",4087,37
"4088",4088,22
"4089",4089,9
"4090",4090,32
"4091",4091,44
"4092",4092,35
"4093",4093,9
"4094",4094,35
"4095",4095,5
"4096",4096,29
"4097",4097,9
"4098",4098,18
"4099",4099,26
"4100",4100,34
"4101",4101,34
"4102",4102,33
"4103",4103,18
"4104",4104,9
"4105",4105,9
"4106",4106,29
"4107",4107,43
"4108",4108,33
"4109",4109,46
"4110",4110,32
"4111",4111,37
"4112",4112,28
"4113",4113,30
"4114",4114,34
"4115",4115,18
"4116",4116,37
"4117",4117,43
"4118",4118,9
"4119",4119,8
"4120",4120,22
"4121",4121,47
"4122",4122,35
"4123",4123,22
"4124",4124,22
"4125",4125,26
"4126",4126,26
"4127",4127,37
"4128",4128,37
"4129",4129,35
"4130",4130,34
"4131",4131,35
"4132",4132,22
"4133",4133,44
"4134",4134,29
"4135",4135,9
"4136",4136,33
"4137",4137,1
"4138",4138,18
"4139",4139,22
"4140",4140,35
"4141",4141,27
"4142",4142,32
"4143",4143,6
"4144",4144,9
"4145",4145,8
"4146",4146,34
"4147",4147,32
"4148",4148,34
"4149",4149,9
"4150",4150,3
"4151",4151,22
"4152",4152,49
"4153",4153,26
"4154",4154,43
"4155",4155,32
"4156",4156,22
"4157",4157,35
"4158",4158,22
"4159",4159,7
"4160",4160,32
"4161",4161,44
"4162",4162,34
"4163",4163,41
"4164",4164,41
"4165",4165,29
"4166",4166,18
"4167",4167,22
"4168",4168,42
"4169",4169,35
"4170",4170,8
"4171",4171,7
"4172",4172,32
"4173",4173,34
"4174",4174,9
"4175",4175,1
"4176",4176,33
"4177",4177,43
"4178",4178,38
"4179",4179,37
"4180",4180,28
"4181",4181,22
"4182",4182,35
"4183",4183,9
"4184",4184,22
"4185",4185,37
"4186",4186,48
"4187",4187,32
"4188",4188,27
"4189",4189,8
"4190",4190,18
"4191",4191,35
"4192",4192,2
"4193",4193,32
"4194",4194,27
"4195",4195,35
"4196",4196,33
"4197",4197,22
"4198",4198,32
"4199",4199,9
"4200",4200,48
"4201",4201,45
"4202",4202,22
"4203",4203,33
"4204",4204,33
"4205",4205,35
"4206",4206,46
"4207",4207,22
"4208",4208,43
"4209",4209,37
"4210",4210,9
"4211",4211,29
"4212",4212,34
"4213",4213,43
"4214",4214,9
"4215",4215,46
"4216",4216,35
"4217",4217,41
"4218",4218,39
"4219",4219,31
"4220",4220,34
"4221",4221,29
"4222",4222,32
"4223",4223,32
"4224",4224,8
"4225",4225,8
"4226",4226,39
"4227",4227,34
"4228",4228,34
"4229",4229,9
"4230",4230,37
"4231",4231,33
"4232",4232,8
"4233",4233,22
"4234",4234,44
"4235",4235,50
"4236",4236,22
"4237",4237,37
"4238",4238,9
"4239",4239,32
"4240",4240,38
"4241",4241,30
"4242",4242,32
"4243",4243,3
"4244",4244,32
"4245",4245,26
"4246",4246,22
"4247",4247,35
"4248",4248,27
"4249",4249,3
"4250",4250,37
"4251",4251,35
"4252",4252,30
"4253",4253,50
"4254",4254,29
"4255",4255,37
"4256",4256,46
"4257",4257,17
"4258",4258,33
"4259",4259,49
"4260",4260,46
"4261",4261,33
"4262",4262,33
"4263",4263,32
"4264",4264,35
"4265",4265,9
"4266",4266,9
"4267",4267,26
"4268",4268,37
"4269",4269,34
"4270",4270,36
"4271",4271,26
"4272",4272,22
"4273",4273,29
"4274",4274,37
"4275",4275,27
"4276",4276,47
"4277",4277,32
"4278",4278,9
"4279",4279,22
"4280",4280,33
"4281",4281,46
"4282",4282,22
"4283",4283,33
"4284",4284,22
"4285",4285,29
"4286",4286,9
"4287",4287,49
"4288",4288,34
"4289",4289,34
"4290",4290,8
"4291",4291,29
"4292",4292,33
"4293",4293,22
"4294",4294,48
"4295",4295,33
"4296",4296,8
"4297",4297,33
"4298",4298,35
"4299",4299,47
"4300",4300,37
"4301",4301,32
"4302",4302,34
"4303",4303,33
"4304",4304,22
"4305",4305,48
"4306",4306,47
"4307",4307,7
"4308",4308,39
"4309",4309,50
"4310",4310,35
"4311",4311,38
"4312",4312,9
"4313",4313,32
"4314",4314,22
"4315",4315,33
"4316",4316,8
"4317",4317,37
"4318",4318,3
"4319",4319,22
"4320",4320,9
"4321",4321,22
"4322",4322,50
"4323",4323,32
"4324",4324,37
"4325",4325,37
"4326",4326,45
"4327",4327,8
"4328",4328,32
"4329",4329,28
"4330",4330,32
"4331",4331,30
"4332",4332,9
"4333",4333,8
"4334",4334,10
"4335",4335,22
"4336",4336,37
"4337",4337,29
"4338",4338,35
"4339",4339,49
"4340",4340,22
"4341",4341,41
"4342",4342,33
"4343",4343,37
"4344",4344,32
"4345",4345,19
"4346",4346,35
"4347",4347,46
"4348",4348,33
"4349",4349,29
"4350",4350,48
"4351",4351,28
"4352",4352,32
"4353",4353,27
"4354",4354,50
"4355",4355,33
"4356",4356,22
"4357",4357,34
"4358",4358,22
"4359",4359,9
"4360",4360,34
"4361",4361,35
"4362",4362,38
"4363",4363,39
"4364",4364,45
"4365",4365,33
"4366",4366,49
"4367",4367,29
"4368",4368,22
"4369",4369,46
"4370",4370,34
"4371",4371,41
"4372",4372,38
"4373",4373,23
"4374",4374,32
"4375",4375,34
"4376",4376,36
"4377",4377,46
"4378",4378,8
"4379",4379,33
"4380",4380,50
"4381",4381,33
"4382",4382,37
"4383",4383,9
"4384",4384,46
"4385",4385,9
"4386",4386,37
"4387",4387,39
"4388",4388,22
"4389",4389,35
"4390",4390,38
"4391",4391,39
"4392",4392,29
"4393",4393,35
"4394",4394,35
"4395",4395,22
"4396",4396,33
"4397",4397,46
"4398",4398,9
"4399",4399,8
"4400",4400,28
"4401",4401,44
"4402",4402,43
"4403",4403,28
"4404",4404,45
"4405",4405,9
"4406",4406,18
"4407",4407,9
"4408",4408,33
"4409",4409,32
"4410",4410,32
"4411",4411,42
"4412",4412,29
"4413",4413,22
"4414",4414,41
"4415",4415,22
"4416",4416,8
"4417",4417,29
"4418",4418,35
"4419",4419,37
"4420",4420,32
"4421",4421,50
"4422",4422,22
"4423",4423,33
"4424",4424,9
"4425",4425,29
"4426",4426,33
"4427",4427,8
"4428",4428,35
"4429",4429,17
"4430",4430,34
"4431",4431,47
"4432",4432,50
"4433",4433,22
"4434",4434,29
"4435",4435,35
"4436",4436,22
"4437",4437,9
"4438",4438,36
"4439",4439,7
"4440",4440,32
"4441",4441,50
"4442",4442,41
"4443",4443,31
"4444",4444,34
"4445",4445,34
"4446",4446,22
"4447",4447,33
"4448",4448,44
"4449",4449,34
"4450",4450,29
"4451",4451,9
"4452",4452,32
"4453",4453,37
"4454",4454,35
"4455",4455,33
"4456",4456,22
"4457",4457,22
"4458",4458,34
"4459",4459,41
"4460",4460,22
"4461",4461,37
"4462",4462,9
"4463",4463,33
"4464",4464,50
"4465",4465,37
"4466",4466,37
"4467",4467,9
"4468",4468,34
"4469",4469,43
"4470",4470,22
"4471",4471,50
"4472",4472,22
"4473",4473,37
"4474",4474,33
"4475",4475,8
"4476",4476,22
"4477",4477,29
"4478",4478,50
"4479",4479,24
"4480",4480,39
"4481",4481,22
"4482",4482,35
"4483",4483,34
"4484",4484,43
"4485",4485,37
"4486",4486,30
"4487",4487,9
"4488",4488,22
"4489",4489,22
"4490",4490,22
"4491",4491,34
"4492",4492,34
"4493",4493,44
"4494",4494,22
"4495",4495,33
"4496",4496,9
"4497",4497,32
"4498",4498,9
"4499",4499,33
"4500",4500,38
"4501",4501,34
"4502",4502,33
"4503",4503,35
"4504",4504,8
"4505",4505,50
"4506",4506,32
"4507",4507,30
"4508",4508,32
"4509",4509,42
"4510",4510,33
"4511",4511,28
"4512",4512,9
"4513",4513,33
"4514",4514,33
"4515",4515,22
"4516",4516,22
"4517",4517,9
"4518",4518,29
"4519",4519,35
"4520",4520,7
"4521",4521,33
"4522",4522,32
"4523",4523,22
"4524",4524,22
"4525",4525,38
"4526",4526,14
"4527",4527,34
"4528",4528,9
"4529",4529,9
"4530",4530,33
"4531",4531,32
"4532",4532,22
"4533",4533,22
"4534",4534,22
"4535",4535,35
"4536",4536,22
"4537",4537,22
"4538",4538,41
"4539",4539,26
"4540",4540,36
"4541",4541,26
"4542",4542,32
"4543",4543,33
"4544",4544,35
"4545",4545,33
"4546",4546,28
"4547",4547,39
"4548",4548,22
"4549",4549,8
"4550",4550,44
"4551",4551,6
"4552",4552,23
"4553",4553,37
"4554",4554,9
"4555",4555,22
"4556",4556,9
"4557",4557,22
"4558",4558,33
"4559",4559,43
"4560",4560,35
"4561",4561,35
"4562",4562,37
"4563",4563,22
"4564",4564,33
"4565",4565,9
"4566",4566,26
"4567",4567,35
"4568",4568,22
"4569",4569,41
"4570",4570,30
"4571",4571,38
"4572",4572,33
"4573",4573,22
"4574",4574,9
"4575",4575,34
"4576",4576,43
"4577",4577,47
"4578",4578,8
"4579",4579,38
"4580",4580,34
"4581",4581,41
"4582",4582,31
"4583",4583,9
"4584",4584,47
"4585",4585,9
"4586",4586,37
"4587",4587,34
"4588",4588,28
"4589",4589,9
"4590",4590,25
"4591",4591,9
"4592",4592,38
"4593",4593,37
"4594",4594,33
"4595",4595,41
"4596",4596,35
"4597",4597,8
"4598",4598,33
"4599",4599,33
"4600",4600,22
"4601",4601,33
"4602",4602,33
"4603",4603,5
"4604",4604,9
"4605",4605,22
"4606",4606,7
"4607",4607,28
"4608",4608,29
"4609",4609,32
"4610",4610,41
"4611",4611,32
"4612",4612,22
"4613",4613,44
"4614",4614,22
"4615",4615,47
"4616",4616,37
"4617",4617,9
"4618",4618,22
"4619",4619,34
"4620",4620,37
"4621",4621,32
"4622",4622,35
"4623",4623,28
"4624",4624,5
"4625",4625,35
"4626",4626,37
"4627",4627,27
"4628",4628,41
"4629",4629,32
"4630",4630,34
"4631",4631,9
"4632",4632,35
"4633",4633,29
"4634",4634,33
"4635",4635,37
"4636",4636,38
"4637",4637,22
"4638",4638,33
"4639",4639,33
"4640",4640,22
"4641",4641,33
"4642",4642,36
"4643",4643,38
"4644",4644,46
"4645",4645,35
"4646",4646,34
"4647",4647,35
"4648",4648,37
"4649",4649,22
"4650",4650,34
"4651",4651,22
"4652",4652,22
"4653",4653,40
"4654",4654,33
"4655",4655,9
"4656",4656,38
"4657",4657,36
"4658",4658,50
"4659",4659,8
"4660",4660,41
"4661",4661,50
"4662",4662,34
"4663",4663,33
"4664",4664,22
"4665",4665,34
"4666",4666,35
"4667",4667,37
"4668",4668,9
"4669",4669,38
"4670",4670,36
"4671",4671,40
"4672",4672,14
"4673",4673,35
"4674",4674,34
"4675",4675,43
"4676",4676,22
"4677",4677,32
"4678",4678,37
"4679",4679,34
"4680",4680,35
"4681",4681,42
"4682",4682,8
"4683",4683,9
"4684",4684,22
"4685",4685,22
"4686",4686,49
"4687",4687,43
"4688",4688,22
"4689",4689,33
"4690",4690,35
"4691",4691,41
"4692",4692,35
"4693",4693,3
"4694",4694,35
"4695",4695,18
"4696",4696,22
"4697",4697,36
"4698",4698,22
"4699",4699,32
"4700",4700,33
"4701",4701,33
"4702",4702,34
"4703",4703,8
"4704",4704,22
"4705",4705,38
"4706",4706,37
"4707",4707,43
"4708",4708,29
"4709",4709,35
"4710",4710,8
"4711",4711,22
"4712",4712,22
"4713",4713,8
"4714",4714,43
"4715",4715,22
"4716",4716,27
"4717",4717,44
"4718",4718,35
"4719",4719,22
"4720",4720,32
"4721",4721,32
"4722",4722,34
"4723",4723,5
"4724",4724,42
"4725",4725,5
"4726",4726,38
"4727",4727,35
"4728",4728,34
"4729",4729,34
"4730",4730,34
"4731",4731,34
"4732",4732,50
"4733",4733,22
"4734",4734,13
"4735",4735,33
"4736",4736,38
"4737",4737,35
"4738",4738,39
"4739",4739,9
"4740",4740,33
"4741",4741,22
"4742",4742,33
"4743",4743,46
"4744",4744,41
"4745",4745,8
"4746",4746,34
"4747",4747,34
"4748",4748,7
"4749",4749,34
"4750",4750,35
"4751",4751,9
"4752",4752,22
"4753",4753,33
"4754",4754,34
"4755",4755,5
"4756",4756,37
"4757",4757,26
"4758",4758,22
"4759",4759,22
"4760",4760,3
"4761",4761,32
"4762",4762,35
"4763",4763,44
"4764",4764,34
"4765",4765,22
"4766",4766,33
"4767",4767,22
"4768",4768,22
"4769",4769,32
"4770",4770,22
"4771",4771,34
"4772",4772,35
"4773",4773,32
"4774",4774,33
"4775",4775,35
"4776",4776,33
"4777",4777,49
"4778",4778,41
"4779",4779,34
"4780",4780,32
"4781",4781,33
"4782",4782,32
"4783",4783,29
"4784",4784,35
"4785",4785,35
"4786",4786,9
"4787",4787,34
"4788",4788,9
"4789",4789,33
"4790",4790,33
"4791",4791,22
"4792",4792,34
"4793",4793,35
"4794",4794,38
"4795",4795,9
"4796",4796,33
"4797",4797,50
"4798",4798,32
"4799",4799,34
"4800",4800,9
"4801",4801,41
"4802",4802,43
"4803",4803,41
"4804",4804,33
"4805",4805,34
"4806",4806,18
"4807",4807,46
"4808",4808,8
"4809",4809,9
"4810",4810,41
"4811",4811,9
"4812",4812,34
"4813",4813,43
"4814",4814,9
"4815",4815,47
"4816",4816,34
"4817",4817,33
"4818",4818,9
"4819",4819,27
"4820",4820,41
"4821",4821,43
"4822",4822,35
"4823",4823,46
"4824",4824,37
"4825",4825,40
"4826",4826,38
"4827",4827,37
"4828",4828,22
"4829",4829,22
"4830",4830,23
"4831",4831,28
"4832",4832,40
"4833",4833,22
"4834",4834,28
"4835",4835,41
"4836",4836,26
"4837",4837,38
"4838",4838,36
"4839",4839,28
"4840",4840,41
"4841",4841,6
"4842",4842,32
"4843",4843,22
"4844",4844,33
"4845",4845,9
"4846",4846,29
"4847",4847,32
"4848",4848,32
"4849",4849,23
"4850",4850,33
"4851",4851,9
"4852",4852,22
"4853",4853,22
"4854",4854,22
"4855",4855,33
"4856",4856,47
"4857",4857,33
"4858",4858,43
"4859",4859,3
"4860",4860,50
"4861",4861,48
"4862",4862,33
"4863",4863,9
"4864",4864,41
"4865",4865,8
"4866",4866,35
"4867",4867,9
"4868",4868,34
"4869",4869,44
"4870",4870,9
"4871",4871,32
"4872",4872,22
"4873",4873,35
"4874",4874,36
"4875",4875,34
"4876",4876,22
"4877",4877,32
"4878",4878,6
"4879",4879,9
"4880",4880,9
"4881",4881,33
"4882",4882,37
"4883",4883,43
"4884",4884,29
"4885",4885,28
"4886",4886,28
"4887",4887,22
"4888",4888,33
"4889",4889,34
"4890",4890,9
"4891",4891,9
"4892",4892,7
"4893",4893,33
"4894",4894,31
"4895",4895,46
"4896",4896,22
"4897",4897,35
"4898",4898,47
"4899",4899,22
"4900",4900,22
"4901",4901,23
"4902",4902,36
"4903",4903,37
"4904",4904,34
"4905",4905,40
"4906",4906,38
"4907",4907,22
"4908",4908,31
"4909",4909,22
"4910",4910,32
"4911",4911,34
"4912",4912,41
"4913",4913,44
"4914",4914,29
"4915",4915,9
"4916",4916,8
"4917",4917,9
"4918",4918,32
"4919",4919,32
"4920",4920,26
"4921",4921,41
"4922",4922,36
"4923",4923,41
"4924",4924,9
"4925",4925,22
"4926",4926,33
"4927",4927,22
"4928",4928,9
"4929",4929,9
"4930",4930,38
"4931",4931,34
"4932",4932,33
"4933",4933,22
"4934",4934,29
"4935",4935,33
"4936",4936,32
"4937",4937,41
"4938",4938,22
"4939",4939,35
"4940",4940,33
"4941",4941,22
"4942",4942,33
"4943",4943,33
"4944",4944,28
"4945",4945,50
"4946",4946,39
"4947",4947,9
"4948",4948,22
"4949",4949,35
"4950",4950,35
"4951",4951,30
"4952",4952,26
"4953",4953,22
"4954",4954,9
"4955",4955,9
"4956",4956,33
"4957",4957,9
"4958",4958,36
"4959",4959,22
"4960",4960,22
"4961",4961,32
"4962",4962,35
"4963",4963,33
"4964",4964,43
"4965",4965,33
"4966",4966,32
"4967",4967,9
"4968",4968,22
"4969",4969,33
"4970",4970,32
"4971",4971,39
"4972",4972,9
"4973",4973,9
"4974",4974,29
"4975",4975,33
"4976",4976,33
"4977",4977,9
"4978",4978,38
"4979",4979,40
"4980",4980,34
"4981",4981,8
"4982",4982,22
"4983",4983,29
"4984",4984,44
"4985",4985,22
"4986",4986,41
"4987",4987,22
"4988",4988,22
"4989",4989,7
"4990",4990,28
"4991",4991,38
"4992",4992,29
"4993",4993,22
"4994",4994,9
"4995",4995,22
"4996",4996,29
"4997",4997,9
"4998",4998,9
"4999",4999,26
"5000",5000,38
"5001",5001,41
"5002",5002,35
"5003",5003,39
"5004",5004,33
"5005",5005,9
"5006",5006,32
"5007",5007,9
"5008",5008,22
"5009",5009,34
"5010",5010,22
"5011",5011,34
"5012",5012,33
"5013",5013,34
"5014",5014,32
"5015",5015,32
"5016",5016,22
"5017",5017,49
"5018",5018,22
"5019",5019,33
"5020",5020,38
"5021",5021,32
"5022",5022,28
"5023",5023,8
"5024",5024,29
"5025",5025,9
"5026",5026,34
"5027",5027,30
"5028",5028,37
"5029",5029,35
"5030",5030,22
"5031",5031,41
"5032",5032,35
"5033",5033,38
"5034",5034,22
"5035",5035,9
"5036",5036,9
"5037",5037,29
"5038",5038,22
"5039",5039,29
"5040",5040,38
"5041",5041,22
"5042",5042,36
"5043",5043,8
"5044",5044,33
"5045",5045,33
"5046",5046,35
"5047",5047,30
"5048",5048,9
"5049",5049,34
"5050",5050,36
"5051",5051,26
"5052",5052,35
"5053",5053,28
"5054",5054,22
"5055",5055,34
"5056",5056,33
"5057",5057,33
"5058",5058,8
"5059",5059,9
"5060",5060,45
"5061",5061,39
"5062",5062,23
"5063",5063,38
"5064",5064,29
"5065",5065,8
"5066",5066,28
"5067",5067,34
"5068",5068,22
"5069",5069,44
"5070",5070,29
"5071",5071,8
"5072",5072,36
"5073",5073,34
"5074",5074,41
"5075",5075,35
"5076",5076,33
"5077",5077,7
"5078",5078,50
"5079",5079,34
"5080",5080,22
"5081",5081,29
"5082",5082,42
"5083",5083,9
"5084",5084,33
"5085",5085,31
"5086",5086,37
"5087",5087,9
"5088",5088,22
"5089",5089,33
"5090",5090,9
"5091",5091,37
"5092",5092,50
"5093",5093,44
"5094",5094,22
"5095",5095,13
"5096",5096,35
"5097",5097,35
"5098",5098,42
"5099",5099,9
"5100",5100,9
"5101",5101,40
"5102",5102,34
"5103",5103,32
"5104",5104,35
"5105",5105,34
"5106",5106,22
"5107",5107,43
"5108",5108,33
"5109",5109,35
"5110",5110,36
"5111",5111,34
"5112",5112,33
"5113",5113,9
"5114",5114,34
"5115",5115,29
"5116",5116,35
"5117",5117,32
"5118",5118,22
"5119",5119,42
"5120",5120,34
"5121",5121,22
"5122",5122,41
"5123",5123,9
"5124",5124,32
"5125",5125,33
"5126",5126,29
"5127",5127,9
"5128",5128,32
"5129",5129,44
"5130",5130,27
"5131",5131,50
"5132",5132,41
"5133",5133,22
"5134",5134,35
"5135",5135,38
"5136",5136,33
"5137",5137,33
"5138",5138,34
"5139",5139,22
"5140",5140,28
"5141",5141,7
"5142",5142,33
"5143",5143,38
"5144",5144,36
"5145",5145,8
"5146",5146,41
"5147",5147,9
"5148",5148,33
"5149",5149,8
"5150",5150,9
"5151",5151,26
"5152",5152,34
"5153",5153,7
"5154",5154,43
"5155",5155,9
"5156",5156,32
"5157",5157,38
"5158",5158,35
"5159",5159,31
"5160",5160,33
"5161",5161,33
"5162",5162,32
"5163",5163,37
"5164",5164,22
"5165",5165,48
"5166",5166,27
"5167",5167,35
"5168",5168,32
"5169",5169,22
"5170",5170,32
"5171",5171,32
"5172",5172,6
"5173",5173,33
"5174",5174,22
"5175",5175,34
"5176",5176,35
"5177",5177,36
"5178",5178,35
"5179",5179,33
"5180",5180,9
"5181",5181,37
"5182",5182,9
"5183",5183,29
"5184",5184,34
"5185",5185,29
"5186",5186,32
"5187",5187,27
"5188",5188,33
"5189",5189,9
"5190",5190,22
"5191",5191,35
"5192",5192,34
"5193",5193,34
"5194",5194,37
"5195",5195,35
"5196",5196,41
"5197",5197,44
"5198",5198,22
"5199",5199,38
"5200",5200,8
"5201",5201,41
"5202",5202,48
"5203",5203,8
"5204",5204,9
"5205",5205,22
"5206",5206,44
"5207",5207,22
"5208",5208,41
"5209",5209,25
"5210",5210,36
"5211",5211,41
"5212",5212,34
"5213",5213,9
"5214",5214,22
"5215",5215,33
"5216",5216,28
"5217",5217,44
"5218",5218,42
"5219",5219,35
"5220",5220,33
"5221",5221,50
"5222",5222,32
"5223",5223,9
"5224",5224,40
"5225",5225,22
"5226",5226,33
"5227",5227,9
"5228",5228,22
"5229",5229,32
"5230",5230,22
"5231",5231,22
"5232",5232,22
"5233",5233,33
"5234",5234,9
"5235",5235,29
"5236",5236,34
"5237",5237,9
"5238",5238,36
"5239",5239,9
"5240",5240,9
"5241",5241,33
"5242",5242,37
"5243",5243,22
"5244",5244,33
"5245",5245,22
"5246",5246,37
"5247",5247,33
"5248",5248,22
"5249",5249,39
"5250",5250,48
"5251",5251,33
"5252",5252,35
"5253",5253,22
"5254",5254,9
"5255",5255,9
"5256",5256,35
"5257",5257,29
"5258",5258,33
"5259",5259,35
"5260",5260,32
"5261",5261,33
"5262",5262,33
"5263",5263,37
"5264",5264,8
"5265",5265,9
"5266",5266,22
"5267",5267,9
"5268",5268,32
"5269",5269,9
"5270",5270,9
"5271",5271,33
"5272",5272,34
"5273",5273,35
"5274",5274,22
"5275",5275,8
"5276",5276,44
"5277",5277,43
"5278",5278,43
"5279",5279,34
"5280",5280,9
"5281",5281,34
"5282",5282,33
"5283",5283,33
"5284",5284,34
"5285",5285,22
"5286",5286,34
"5287",5287,22
"5288",5288,35
"5289",5289,9
"5290",5290,29
"5291",5291,34
"5292",5292,22
"5293",5293,41
"5294",5294,33
"5295",5295,33
"5296",5296,32
"5297",5297,18
"5298",5298,32
"5299",5299,30
"5300",5300,9
"5301",5301,33
"5302",5302,34
"5303",5303,32
"5304",5304,34
"5305",5305,22
"5306",5306,36
"5307",5307,9
"5308",5308,22
"5309",5309,9
"5310",5310,49
"5311",5311,48
"5312",5312,9
"5313",5313,9
"5314",5314,33
"5315",5315,38
"5316",5316,33
"5317",5317,22
"5318",5318,33
"5319",5319,35
"5320",5320,7
"5321",5321,22
"5322",5322,41
"5323",5323,44
"5324",5324,6
"5325",5325,44
"5326",5326,33
"5327",5327,22
"5328",5328,32
"5329",5329,22
"5330",5330,48
"5331",5331,22
"5332",5332,22
"5333",5333,22
"5334",5334,38
"5335",5335,33
"5336",5336,22
"5337",5337,26
"5338",5338,33
"5339",5339,50
"5340",5340,22
"5341",5341,33
"5342",5342,22
"5343",5343,30
"5344",5344,35
"5345",5345,43
"5346",5346,40
"5347",5347,7
"5348",5348,33
"5349",5349,22
"5350",5350,32
"5351",5351,22
"5352",5352,33
"5353",5353,22
"5354",5354,32
"5355",5355,9
"5356",5356,38
"5357",5357,22
"5358",5358,37
"5359",5359,22
"5360",5360,44
"5361",5361,33
"5362",5362,34
"5363",5363,38
"5364",5364,50
"5365",5365,9
"5366",5366,22
"5367",5367,22
"5368",5368,33
"5369",5369,33
"5370",5370,47
"5371",5371,38
"5372",5372,33
"5373",5373,33
"5374",5374,9
"5375",5375,9
"5376",5376,9
"5377",5377,31
"5378",5378,44
"5379",5379,35
"5380",5380,41
"5381",5381,29
"5382",5382,26
"5383",5383,35
"5384",5384,47
"5385",5385,33
"5386",5386,26
"5387",5387,22
"5388",5388,43
"5389",5389,9
"5390",5390,9
"5391",5391,34
"5392",5392,22
"5393",5393,9
"5394",5394,30
"5395",5395,8
"5396",5396,35
"5397",5397,36
"5398",5398,33
"5399",5399,9
"5400",5400,33
"5401",5401,35
"5402",5402,33
"5403",5403,42
"5404",5404,33
"5405",5405,33
"5406",5406,9
"5407",5407,41
"5408",5408,9
"5409",5409,37
"5410",5410,34
"5411",5411,43
"5412",5412,22
"5413",5413,22
"5414",5414,9
"5415",5415,32
"5416",5416,22
"5417",5417,42
"5418",5418,35
"5419",5419,41
"5420",5420,32
"5421",5421,38
"5422",5422,22
"5423",5423,22
"5424",5424,46
"5425",5425,44
"5426",5426,9
"5427",5427,22
"5428",5428,22
"5429",5429,38
"5430",5430,35
"5431",5431,35
"5432",5432,33
"5433",5433,22
"5434",5434,35
"5435",5435,37
"5436",5436,22
"5437",5437,35
"5438",5438,34
"5439",5439,9
"5440",5440,1
"5441",5441,48
"5442",5442,9
"5443",5443,38
"5444",5444,34
"5445",5445,50
"5446",5446,32
"5447",5447,22
"5448",5448,32
"5449",5449,9
"5450",5450,22
"5451",5451,40
"5452",5452,22
"5453",5453,22
"5454",5454,22
"5455",5455,33
"5456",5456,35
"5457",5457,33
"5458",5458,35
"5459",5459,34
"5460",5460,43
"5461",5461,43
"5462",5462,33
"5463",5463,22
"5464",5464,35
"5465",5465,44
"5466",5466,33
"5467",5467,38
"5468",5468,9
"5469",5469,9
"5470",5470,40
"5471",5471,34
"5472",5472,22
"5473",5473,9
"5474",5474,36
"5475",5475,33
"5476",5476,33
"5477",5477,35
"5478",5478,33
"5479",5479,9
"5480",5480,8
"5481",5481,29
"5482",5482,9
"5483",5483,33
"5484",5484,32
"5485",5485,32
"5486",5486,22
"5487",5487,35
"5488",5488,33
"5489",5489,32
"5490",5490,22
"5491",5491,34
"5492",5492,44
"5493",5493,22
"5494",5494,44
"5495",5495,9
"5496",5496,39
"5497",5497,22
"5498",5498,9
"5499",5499,27
"5500",5500,32
"5501",5501,41
"5502",5502,34
"5503",5503,22
"5504",5504,3
"5505",5505,33
"5506",5506,49
"5507",5507,22
"5508",5508,22
"5509",5509,32
"5510",5510,22
"5511",5511,8
"5512",5512,27
"5513",5513,34
"5514",5514,33
"5515",5515,8
"5516",5516,33
"5517",5517,48
"5518",5518,22
"5519",5519,33
"5520",5520,41
"5521",5521,22
"5522",5522,6
"5523",5523,34
"5524",5524,41
"5525",5525,34
"5526",5526,27
"5527",5527,34
"5528",5528,22
"5529",5529,9
"5530",5530,5
"5531",5531,40
"5532",5532,9
"5533",5533,22
"5534",5534,33
"5535",5535,7
"5536",5536,25
"5537",5537,48
"5538",5538,34
"5539",5539,22
"5540",5540,33
"5541",5541,33
"5542",5542,22
"5543",5543,35
"5544",5544,9
"5545",5545,34
"5546",5546,22
"5547",5547,8
"5548",5548,22
"5549",5549,33
"5550",5550,33
"5551",5551,34
"5552",5552,32
"5553",5553,41
"5554",5554,48
"5555",5555,41
"5556",5556,34
"5557",5557,34
"5558",5558,37
"5559",5559,32
"5560",5560,48
"5561",5561,33
"5562",5562,35
"5563",5563,22
"5564",5564,35
"5565",5565,38
"5566",5566,6
"5567",5567,35
"5568",5568,34
"5569",5569,41
"5570",5570,33
"5571",5571,6
"5572",5572,27
"5573",5573,48
"5574",5574,34
"5575",5575,22
"5576",5576,35
"5577",5577,38
"5578",5578,32
"5579",5579,46
"5580",5580,44
"5581",5581,33
"5582",5582,3
"5583",5583,9
"5584",5584,32
"5585",5585,44
"5586",5586,34
"5587",5587,5
"5588",5588,33
"5589",5589,37
"5590",5590,27
"5591",5591,33
"5592",5592,34
"5593",5593,33
"5594",5594,35
"5595",5595,22
"5596",5596,33
"5597",5597,22
"5598",5598,22
"5599",5599,34
"5600",5600,35
"5601",5601,22
"5602",5602,41
"5603",5603,28
"5604",5604,33
"5605",5605,35
"5606",5606,22
"5607",5607,22
"5608",5608,8
"5609",5609,22
"5610",5610,33
"5611",5611,9
"5612",5612,22
"5613",5613,32
"5614",5614,48
"5615",5615,34
"5616",5616,33
"5617",5617,34
"5618",5618,29
"5619",5619,33
"5620",5620,9
"5621",5621,33
"5622",5622,33
"5623",5623,33
"5624",5624,34
"5625",5625,41
"5626",5626,34
"5627",5627,39
"5628",5628,5
"5629",5629,22
"5630",5630,48
"5631",5631,22
"5632",5632,28
"5633",5633,22
"5634",5634,48
"5635",5635,34
"5636",5636,35
"5637",5637,46
"5638",5638,35
"5639",5639,9
"5640",5640,22
"5641",5641,27
"5642",5642,22
"5643",5643,39
"5644",5644,37
"5645",5645,35
"5646",5646,41
"5647",5647,34
"5648",5648,34
"5649",5649,22
"5650",5650,22
"5651",5651,22
"5652",5652,22
"5653",5653,22
"5654",5654,9
"5655",5655,46
"5656",5656,17
"5657",5657,41
"5658",5658,9
"5659",5659,38
"5660",5660,33
"5661",5661,36
"5662",5662,22
"5663",5663,24
"5664",5664,41
"5665",5665,9
"5666",5666,35
"5667",5667,33
"5668",5668,37
"5669",5669,8
"5670",5670,22
"5671",5671,22
"5672",5672,34
"5673",5673,22
"5674",5674,9
"5675",5675,22
"5676",5676,9
"5677",5677,34
"5678",5678,34
"5679",5679,22
"5680",5680,34
"5681",5681,35
"5682",5682,37
"5683",5683,9
"5684",5684,22
"5685",5685,33
"5686",5686,28
"5687",5687,35
"5688",5688,32
"5689",5689,36
"5690",5690,34
"5691",5691,34
"5692",5692,22
"5693",5693,35
"5694",5694,22
"5695",5695,33
"5696",5696,34
"5697",5697,33
"5698",5698,32
"5699",5699,33
"5700",5700,33
"5701",5701,9
"5702",5702,9
"5703",5703,47
"5704",5704,41
"5705",5705,8
"5706",5706,22
"5707",5707,6
"5708",5708,33
"5709",5709,33
"5710",5710,14
"5711",5711,32
"5712",5712,47
"5713",5713,34
"5714",5714,22
"5715",5715,47
"5716",5716,47
"5717",5717,46
"5718",5718,9
"5719",5719,41
"5720",5720,22
"5721",5721,22
"5722",5722,33
"5723",5723,39
"5724",5724,22
"5725",5725,35
"5726",5726,22
"5727",5727,22
"5728",5728,9
"5729",5729,22
"5730",5730,9
"5731",5731,33
"5732",5732,22
"5733",5733,28
"5734",5734,22
"5735",5735,35
"5736",5736,34
"5737",5737,27
"5738",5738,22
"5739",5739,22
"5740",5740,40
"5741",5741,9
"5742",5742,22
"5743",5743,7
"5744",5744,28
"5745",5745,29
"5746",5746,33
"5747",5747,9
"5748",5748,22
"5749",5749,33
"5750",5750,35
"5751",5751,22
"5752",5752,32
"5753",5753,34
"5754",5754,46
"5755",5755,34
"5756",5756,47
"5757",5757,22
"5758",5758,33
"5759",5759,38
"5760",5760,35
"5761",5761,35
"5762",5762,31
"5763",5763,22
"5764",5764,36
"5765",5765,22
"5766",5766,29
"5767",5767,47
"5768",5768,33
"5769",5769,34
"5770",5770,22
"5771",5771,33
"5772",5772,34
"5773",5773,47
"5774",5774,33
"5775",5775,22
"5776",5776,22
"5777",5777,39
"5778",5778,33
"5779",5779,22
"5780",5780,32
"5781",5781,35
"5782",5782,35
"5783",5783,22
"5784",5784,22
"5785",5785,48
"5786",5786,34
"5787",5787,9
"5788",5788,35
"5789",5789,48
"5790",5790,47
"5791",5791,47
"5792",5792,48
"5793",5793,47
"5794",5794,27
"5795",5795,33
"5796",5796,22
"5797",5797,35
"5798",5798,9
"5799",5799,9
"5800",5800,9
"5801",5801,9
"5802",5802,35
"5803",5803,35
"5804",5804,33
"5805",5805,22
"5806",5806,24
"5807",5807,22
"5808",5808,6
"5809",5809,33
"5810",5810,22
"5811",5811,22
"5812",5812,22
"5813",5813,35
"5814",5814,34
"5815",5815,22
"5816",5816,33
"5817",5817,33
"5818",5818,22
"5819",5819,35
"5820",5820,33
"5821",5821,34
"5822",5822,9
"5823",5823,47
"5824",5824,8
"5825",5825,41
"5826",5826,47
"5827",5827,38
"5828",5828,3
"5829",5829,9
"5830",5830,9
"5831",5831,8
"5832",5832,27
"5833",5833,33
"5834",5834,22
"5835",5835,22
"5836",5836,41
"5837",5837,8
"5838",5838,9
"5839",5839,9
"5840",5840,35
"5841",5841,9
"5842",5842,40
"5843",5843,47
"5844",5844,50
"5845",5845,34
"5846",5846,49
"5847",5847,9
"5848",5848,23
"5849",5849,33
"5850",5850,32
"5851",5851,33
"5852",5852,48
"5853",5853,33
"5854",5854,22
"5855",5855,41
"5856",5856,9
"5857",5857,33
"5858",5858,3
"5859",5859,33
"5860",5860,33
"5861",5861,22
"5862",5862,35
"5863",5863,43
"5864",5864,9
"5865",5865,22
"5866",5866,22
"5867",5867,9
"5868",5868,22
"5869",5869,22
"5870",5870,9
"5871",5871,34
"5872",5872,22
"5873",5873,34
"5874",5874,34
"5875",5875,29
"5876",5876,50
"5877",5877,9
"5878",5878,9
"5879",5879,34
"5880",5880,3
"5881",5881,45
"5882",5882,22
"5883",5883,33
"5884",5884,33
"5885",5885,29
"5886",5886,22
"5887",5887,33
"5888",5888,9
"5889",5889,22
"5890",5890,41
"5891",5891,38
"5892",5892,9
"5893",5893,22
"5894",5894,22
"5895",5895,34
"5896",5896,28
"5897",5897,39
"5898",5898,9
"5899",5899,22
"5900",5900,50
"5901",5901,33
"5902",5902,22
"5903",5903,22
"5904",5904,22
"5905",5905,40
"5906",5906,34
"5907",5907,41
"5908",5908,41
"5909",5909,36
"5910",5910,35
"5911",5911,49
"5912",5912,48
"5913",5913,35
"5914",5914,33
"5915",5915,41
"5916",5916,22
"5917",5917,33
"5918",5918,50
"5919",5919,34
"5920",5920,22
"5921",5921,35
"5922",5922,9
"5923",5923,50
"5924",5924,43
"5925",5925,22
"5926",5926,34
"5927",5927,34
"5928",5928,33
"5929",5929,22
"5930",5930,38
"5931",5931,35
"5932",5932,22
"5933",5933,47
"5934",5934,18
"5935",5935,33
"5936",5936,33
"5937",5937,23
"5938",5938,9
"5939",5939,48
"5940",5940,50
"5941",5941,22
"5942",5942,9
"5943",5943,9
"5944",5944,32
"5945",5945,37
"5946",5946,50
"5947",5947,33
"5948",5948,35
"5949",5949,34
"5950",5950,41
"5951",5951,8
"5952",5952,33
"5953",5953,8
"5954",5954,33
"5955",5955,33
"5956",5956,8
"5957",5957,41
"5958",5958,32
"5959",5959,9
"5960",5960,22
"5961",5961,41
"5962",5962,9
"5963",5963,22
"5964",5964,38
"5965",5965,22
"5966",5966,9
"5967",5967,9
"5968",5968,38
"5969",5969,22
"5970",5970,9
"5971",5971,22
"5972",5972,22
"5973",5973,9
"5974",5974,22
"5975",5975,35
"5976",5976,22
"5977",5977,33
"5978",5978,22
"5979",5979,22
"5980",5980,7
"5981",5981,33
"5982",5982,49
"5983",5983,22
"5984",5984,9
"5985",5985,33
"5986",5986,9
"5987",5987,49
"5988",5988,33
"5989",5989,9
"5990",5990,33
"5991",5991,22
"5992",5992,22
"5993",5993,22
"5994",5994,22
"5995",5995,22
"5996",5996,22
"5997",5997,28
"5998",5998,33
"5999",5999,22
"6000",6000,29
"6001",6001,28
"6002",6002,34
"6003",6003,9
"6004",6004,33
"6005",6005,33
"6006",6006,33
"6007",6007,9
"6008",6008,22
"6009",6009,22
"6010",6010,33
"6011",6011,33
"6012",6012,22
"6013",6013,9
"6014",6014,34
"6015",6015,35
"6016",6016,33
"6017",6017,33
"6018",6018,33
"6019",6019,22
"6020",6020,40
"6021",6021,23
"6022",6022,22
"6023",6023,35
"6024",6024,33
"6025",6025,22
"6026",6026,22
"6027",6027,38
"6028",6028,32
"6029",6029,6
"6030",6030,31
"6031",6031,33
"6032",6032,31
"6033",6033,33
"6034",6034,34
"6035",6035,33
"6036",6036,34
"6037",6037,34
"6038",6038,34
"6039",6039,34
"6040",6040,39
"6041",6041,33
"6042",6042,22
"6043",6043,31
"6044",6044,38
"6045",6045,35
"6046",6046,32
"6047",6047,41
"6048",6048,35
"6049",6049,35
"6050",6050,29
"6051",6051,50
"6052",6052,50
"6053",6053,33
"6054",6054,22
"6055",6055,24
"6056",6056,33
"6057",6057,33
"6058",6058,22
"6059",6059,32
"6060",6060,6
"6061",6061,34
"6062",6062,9
"6063",6063,9
"6064",6064,9
"6065",6065,34
"6066",6066,49
"6067",6067,33
"6068",6068,22
"6069",6069,33
"6070",6070,24
"6071",6071,33
"6072",6072,35
"6073",6073,22
"6074",6074,34
"6075",6075,33
"6076",6076,9
"6077",6077,33
"6078",6078,33
"6079",6079,34
"6080",6080,46
"6081",6081,33
"6082",6082,33
"6083",6083,22
"6084",6084,33
"6085",6085,33
"6086",6086,22
"6087",6087,33
"6088",6088,35
"6089",6089,36
"6090",6090,33
"6091",6091,9
"6092",6092,35
"6093",6093,38
"6094",6094,50
"6095",6095,6
"6096",6096,35
"6097",6097,22
"6098",6098,9
"6099",6099,22
"6100",6100,38
"6101",6101,33
"6102",6102,32
"6103",6103,9
"6104",6104,32
"6105",6105,50
"6106",6106,35
"6107",6107,22
"6108",6108,22
"6109",6109,28
"6110",6110,22
"6111",6111,33
"6112",6112,22
"6113",6113,5
"6114",6114,27
"6115",6115,50
"6116",6116,22
"6117",6117,34
"6118",6118,48
"6119",6119,33
"6120",6120,33
"6121",6121,22
"6122",6122,49
"6123",6123,37
"6124",6124,32
"6125",6125,9
"6126",6126,21
"6127",6127,39
"6128",6128,33
"6129",6129,40
"6130",6130,33
"6131",6131,33
"6132",6132,22
"6133",6133,22
"6134",6134,34
"6135",6135,33
"6136",6136,34
"6137",6137,35
"6138",6138,22
"6139",6139,33
"6140",6140,41
"6141",6141,41
"6142",6142,40
"6143",6143,22
"6144",6144,35
"6145",6145,34
"6146",6146,22
"6147",6147,9
"6148",6148,40
"6149",6149,8
"6150",6150,22
"6151",6151,33
"6152",6152,22
"6153",6153,33
"6154",6154,33
"6155",6155,9
"6156",6156,9
"6157",6157,22
"6158",6158,22
"6159",6159,33
"6160",6160,33
"6161",6161,6
"6162",6162,48
"6163",6163,33
"6164",6164,33
"6165",6165,36
"6166",6166,47
"6167",6167,27
"6168",6168,27
"6169",6169,22
"6170",6170,9
"6171",6171,33
"6172",6172,33
"6173",6173,50
"6174",6174,6
"6175",6175,49
"6176",6176,22
"6177",6177,27
"6178",6178,6
"6179",6179,44
"6180",6180,33
"6181",6181,33
"6182",6182,32
"6183",6183,36
"6184",6184,9
"6185",6185,33
"6186",6186,9
"6187",6187,33
"6188",6188,33
"6189",6189,33
"6190",6190,41
"6191",6191,34
"6192",6192,47
"6193",6193,34
"6194",6194,48
"6195",6195,34
"6196",6196,34
"6197",6197,33
"6198",6198,33
"6199",6199,35
"6200",6200,47
"6201",6201,22
"6202",6202,33
"6203",6203,32
"6204",6204,41
"6205",6205,34
"6206",6206,33
"6207",6207,9
"6208",6208,35
"6209",6209,33
"6210",6210,33
"6211",6211,9
"6212",6212,47
"6213",6213,22
"6214",6214,33
"6215",6215,33
"6216",6216,22
"6217",6217,22
"6218",6218,33
"6219",6219,33
"6220",6220,22
"6221",6221,9
"6222",6222,34
"6223",6223,9
"6224",6224,34
"6225",6225,22
"6226",6226,48
"6227",6227,22
"6228",6228,22
"6229",6229,9
"6230",6230,33
"6231",6231,8
"6232",6232,50
"6233",6233,36
"6234",6234,22
"6235",6235,9
"6236",6236,9
"6237",6237,33
"6238",6238,33
"6239",6239,39
"6240",6240,9
"6241",6241,9
"6242",6242,31
"6243",6243,22
"6244",6244,34
"6245",6245,22
"6246",6246,9
"6247",6247,34
"6248",6248,22
"6249",6249,41
"6250",6250,33
"6251",6251,33
"6252",6252,9
"6253",6253,22
"6254",6254,41
"6255",6255,50
"6256",6256,47
"6257",6257,22
"6258",6258,34
"6259",6259,50
"6260",6260,9
"6261",6261,33
"6262",6262,50
"6263",6263,34
"6264",6264,6
"6265",6265,22
"6266",6266,50
"6267",6267,32
"6268",6268,9
"6269",6269,36
"6270",6270,22
"6271",6271,33
"6272",6272,36
"6273",6273,9
